Workbook

Sheet PowerBI_Simulation
A1: Bug Tracking & Quality Assurance Dashboard
A2: Data last updated on 12/25/2025
A4: Start date | C4: End date | E4: Project | G4: Team | I4: Sprint | K4: Severity
A5: 1/1/2023 | C5: 12/30/2023 | E5: All | G5: All | I5: Sprint 4 | K5: All
A7: Open Bugs (count) | C7: New Bugs (count) | E7: Active Bugs (count) | G7: Resolved Bugs (count) | I7: Verified Bugs (count) | K7: Closed Bugs (count) | M7: Reopened Bugs (count)
A8: 8.4K | C8: 2.1K | E8: 3.5K | G8: 4.8K | I8: 4.2K | K8: 3.9K | M8: 0.6K
A9: vs prev: 7.2K | B9: +16.67% | C9: vs prev: 2.8K | D9: -25% | E9: vs prev: 3.2K | F9: +9.37% | G9: vs prev: 3.9K | H9: +23% | I9: vs prev: 3.5K | J9: +20% | K9: vs prev: 3.1K | L9: +26% | M9: vs prev: 0.8K | N9: -25%
A11: Multi-Reopened Bugs (count) | C11: Escaped Bugs (count) | E11: Regression Bugs (count) | G11: Critical Bugs (count) | I11: High Severity Bugs (count) | K11: Medium Severity Bugs (count) | M11: Low Severity Bugs (count)
A12: 0.2K | C12: 0.4K | E12: 0.3K | G12: 0.8K | I12: 1.9K | K12: 3.2K | M12: 2.5K
A13: vs prev: 0.3K | B13: -33% | C13: vs prev: 0.6K | D13: -33% | E13: vs prev: 0.4K | F13: -25% | G13: vs prev: 1.1K | H13: -27% | I13: vs prev: 1.6K | J13: +19% | K13: vs prev: 2.8K | L13: +14% | M13: vs prev: 1.7K | N13: +47%
A15: P0 Bugs (count) | C15: P1 Bugs (count) | E15: P2 Bugs (count) | G15: Blocking Bugs (count) | I15: Customer Reported Bugs (count) | K15: Security Bugs (count) | M15: Performance Bugs (count)
A16: 0.5K | C16: 1.3K | E16: 2.8K | G16: 0.7K | I16: 1.1K | K16: 0.3K | M16: 0.5K
A17: vs prev: 0.7K | B17: -29% | C17: vs prev: 1.1K | D17: +18% | E17: vs prev: 2.4K | F17: +17% | G17: vs prev: 0.9K | H17: -22% | I17: vs prev: 1.4K | J17: -21% | K17: vs prev: 0.2K | L17: +50% | M17: vs prev: 0.4K | N17: +25%
A19: User Interface Bugs (count) | C19: Data Integrity Bugs (count)
A20: 1.8K | C20: 0.4K
A21: vs prev: 1.5K | B21: +20% | C21: vs prev: 0.3K | D21: +33%
A27: Status | B27: Count | E27: Severity | F27: Count | I27: Week | J27: Metric 1 | K27: Metric 2
A28: Verified | B28: 980 | E28: Medium | F28: 3200 | I28: W1 | J28: 100 | K28: 95
A29: Closed | B29: 650 | E29: Critical | F29: 800 | I29: W2 | J29: 110 | K29: 102
A30: In Progress | B30: 360 | E30: High | F30: 1900 | I30: W3 | J30: 105 | K30: 98
A31: Resolved | B31: 180 | I31: W4 | J31: 120 | K31: 110

Sheet KPIs_Detail
A1: Code | B1: Metric Name | C1: Value | D1: Formula (as Text) | E1: Description
A2: B03 | B2: B03_Revenue_at_Risk | C2: 0 | D2: =SUM('Bugs'[BusinessImpact]) | E2: Auto-generated from MD: Revenue at Risk
A3: B04 | B3: B04_Avg_Revenue_Impact_per_Bug | C3: 0 | D3: =AVERAGE('Bugs'[BusinessImpact]) | E3: Auto-generated from MD: Avg Revenue Impact per Bug
A4: B05 | B4: B05_High_Impact_Bugs | C4: 0 | D4: =CALCULATE(COUNTA(raw_data!A:A)-1, 'Bugs'[BusinessImpact] > 10000) | E4: Auto-generated from MD: High Impact Bugs
A5: B09 | B5: B09_Security_Risk_Level | C5: 0 | D5: =SWITCH(TRUE(), [V23_Security_Bugs] > 10, "High", [V23_Security_Bugs] > 5, "Medium", "Low" ) | E5: Auto-generated from MD: Security Risk Level
A6: B10 | B6: B10_Compliance_Risk_Bugs | C6: 0 | D6: =CALCULATE(COUNTA(raw_data!A:A)-1, 'Bugs'[Category] = "Compliance") | E6: Auto-generated from MD: Compliance Risk Bugs
A7: B11 | B7: B11_Data_Loss_Risk_Bugs | C7: 0 | D7: =CALCULATE(COUNTA(raw_data!A:A)-1, 'Bugs'[Category] = "Data Loss") | E7: Auto-generated from MD: Data Loss Risk Bugs
A8: B12 | B8: B12_Critical_Business_Impact_Bugs | C8: 0 | D8: =CALCULATE( COUNTA(raw_data!A:A)-1, raw_data!D:D = "Critical", 'Bugs'[BusinessImpact] > 0 ) | E8: Auto-generated from MD: Critical Business Impact Bugs
A9: B13 | B9: B13_Cost_of_Poor_Quality | C9: 0 | D9: =[J18_Project_Cost_of_Quality] | E9: Auto-generated from MD: Cost of Poor Quality
A10: B14 | B10: B14_Avg_Impact_by_Severity | C10: 0 | D10: =AVERAGEX( VALUES(raw_data!D:D), CALCULATE(AVERAGE('Bugs'[BusinessImpact])) ) | E10: Auto-generated from MD: Avg Impact by Severity
A11: B15 | B11: B15_Total_Business_Impact | C11: 0 | D11: =SUM('Bugs'[BusinessImpact]) | E11: Auto-generated from MD: Total Business Impact
A12: B16 | B12: B16_Impact_per_Module | C12: 0 | D12: =AVERAGEX( VALUES('Bugs'[ModuleName]), CALCULATE(SUM('Bugs'[BusinessImpact])) ) | E12: Auto-generated from MD: Impact per Module
A13: B17 | B13: B17_High_Severity_Impact | C13: 0 | D13: =CALCULATE( SUM('Bugs'[BusinessImpact]), raw_data!D:D IN {"Critical", "High"} ) | E13: Auto-generated from MD: High Severity Impact
A14: B18 | B14: B18_Production_Bug_Impact | C14: 0 | D14: =CALCULATE( SUM('Bugs'[BusinessImpact]), 'Bugs'[Tags] CONTAINS "Production" ) | E14: Auto-generated from MD: Production Bug Impact
A15: B19 | B15: B19_Escaped_Bug_Impact | C15: 0 | D15: =CALCULATE( SUM('Bugs'[BusinessImpact]), raw_data!I:I = TRUE ) | E15: Auto-generated from MD: Escaped Bug Impact
A16: B20 | B16: B20_Impact_Risk_Score | C16: 0 | D16: =([B15_Total_Business_Impact] * 0.4) + ([B19_Escaped_Bug_Impact] * 0.35) + ([B17_High_Severity_Impact] * 0.25) | E16: Auto-generated from MD: Impact Risk Score
A17: B21 | B17: B21_Avg_Resolution_Cost | C17: 0 | D17: =AVERAGE('Bugs'[TotalEffortHrs]) * 100 | E17: Auto-generated from MD: Avg Resolution Cost
A18: B22 | B18: B22_Security_Bug_Impact | C18: 0 | D18: =CALCULATE( SUM('Bugs'[BusinessImpact]), 'Bugs'[Category] = "Security" ) | E18: Auto-generated from MD: Security Bug Impact
A19: B23 | B19: B23_Performance_Bug_Impact | C19: 0 | D19: =CALCULATE( SUM('Bugs'[BusinessImpact]), 'Bugs'[Category] = "Performance" ) | E19: Auto-generated from MD: Performance Bug Impact
A20: B24 | B20: B24_Compliance_Cost | C20: 0 | D20: =CALCULATE( SUM('Bugs'[TotalEffortHrs]), 'Bugs'[Category] = "Compliance" ) * 100 | E20: Auto-generated from MD: Compliance Cost
A21: B25 | B21: B25_Revenue_Impact_by_Priority | C21: 0 | D21: =CALCULATE( SUM('Bugs'[BusinessImpact]), ALLEXCEPT('Bugs', raw_data!E:E) ) | E21: Auto-generated from MD: Revenue Impact by Priority
A22: C01 | B22: C01_Customer_Reported_Bugs | C22: 0 | D22: =[V22_Customer_Reported_Bugs] | E22: Auto-generated from MD: Customer Reported Bugs
A23: C02 | B23: C02_Customer_Bug_Rate | C23: 0 | D23: =DIVIDE([C01_Customer_Reported_Bugs], [V01_Total_Bugs], 0) | E23: Auto-generated from MD: Customer Bug Rate
A24: C03 | B24: C03_Avg_Customer_Response_Time | C24: 0 | D24: =AVERAGEX( FILTER('Bugs', raw_data!I:I = TRUE), 'Bugs'[ResponseTimeHrs] ) | E24: Auto-generated from MD: Avg Customer Response Time
A25: C04 | B25: C04_Avg_Customer_Resolution_Time | C25: 0 | D25: =AVERAGEX( FILTER('Bugs', raw_data!I:I = TRUE), 'Bugs'[LeadTimeHrs] ) | E25: Auto-generated from MD: Avg Customer Resolution Time
A26: C05 | B26: C05_Customer_Critical_Bugs | C26: 0 | D26: =CALCULATE( COUNTA(raw_data!A:A)-1, raw_data!I:I = TRUE, raw_data!D:D = "Critical" ) | E26: Auto-generated from MD: Customer Critical Bugs
A27: C06 | B27: C06_Customer_High_Bugs | C27: 0 | D27: =CALCULATE( COUNTA(raw_data!A:A)-1, raw_data!I:I = TRUE, raw_data!D:D = "High" ) | E27: Auto-generated from MD: Customer High Bugs
A28: C07 | B28: C07_Customer_Satisfaction_Index | C28: 0 | D28: =1 - ([C02_Customer_Bug_Rate] * 0.4 + [Q01_Escape_Rate] * 0.6) | E28: Auto-generated from MD: Customer Satisfaction Index
A29: C08 | B29: C08_Customer_Impact_Score | C29: 0 | D29: =([C05_Customer_Critical_Bugs] * 10) + ([C06_Customer_High_Bugs] * 5) + ([C01_Customer_Reported_Bugs] * 1) | E29: Auto-generated from MD: Customer Impact Score
A30: C09 | B30: C09_SLA_Compliance_Rate | C30: 0 | D30: =Complex formula (see DAX reference) | E30: Auto-generated from MD: SLA Compliance Rate
A31: C10 | B31: C10_Customer_Reopen_Rate | C31: 0 | D31: =DIVIDE( CALCULATE(COUNTA(raw_data!A:A)-1, raw_data!AM:AM > 0, raw_data!I:I = TRUE), [C01_Customer_Reported_Bugs], 0 ) | E31: Auto-generated from MD: Customer Reopen Rate
A32: C11 | B32: C11_Avg_Customer_Effort | C32: 0 | D32: =AVERAGEX( FILTER('Bugs', raw_data!I:I = TRUE), 'Bugs'[TotalEffortHrs] ) | E32: Auto-generated from MD: Avg Customer Effort
A33: C12 | B33: C12_Customer_Escalation_Rate | C33: 0 | D33: =DIVIDE( CALCULATE(COUNTA(raw_data!A:A)-1, raw_data!E:E = "P0", raw_data!I:I = TRUE), [C01_Customer_Reported_Bugs], 0 ) | E33: Auto-generated from MD: Customer Escalation Rate
A34: C14 | B34: C14_Customer_Experience_Score | C34: 0 | D34: =([C07_Customer_Satisfaction_Index] * 0.4) + ((1 - [C10_Customer_Reopen_Rate]) * 0.3) + ([C09_SLA_Compliance_Rate] * 0.3) | E34: Auto-generated from MD: Customer Experience Score
A35: C16 | B35: C16_Escaped_Bug_Fix_Rate | C35: 0 | D35: =DIVIDE( CALCULATE(COUNTA(raw_data!A:A)-1, raw_data!F:F IN {"Resolved", "Done", "Closed"}, raw_data!I:I = TRUE), [C01_Customer_Reported_Bugs], 0 ) | E35: Auto-generated from MD: Escaped Bug Fix Rate
A36: C17 | B36: C17_Customer_Waiting_Bugs | C36: 0 | D36: =CALCULATE( COUNTA(raw_data!A:A)-1, raw_data!F:F NOT IN {"Resolved", "Done", "Closed"}, raw_data!I:I = TRUE ) | E36: Auto-generated from MD: Customer Waiting Bugs
A37: C18 | B37: C18_Avg_Customer_Wait_Time | C37: 0 | D37: =AVERAGEX( FILTER('Bugs', raw_data!I:I = TRUE), 'Bugs'[WaitTimeHrs] ) | E37: Auto-generated from MD: Avg Customer Wait Time
A38: C19 | B38: C19_Customer_Bug_Trend | C38: 0 | D38: =Complex formula (see DAX reference) | E38: Auto-generated from MD: Customer Bug Trend
A39: C20 | B39: C20_Customer_Priority_Response | C39: 0 | D39: =AVERAGEX( FILTER('Bugs', raw_data!I:I = TRUE && raw_data!E:E = "P0"), 'Bugs'[ResponseTimeHrs] ) | E39: Auto-generated from MD: Customer Priority Response
A40: CR01 | B40: CR01_By_Design_Count | C40: 1 | D40: =COUNTIF(raw_data!BR:BR,"By Design") | E40: Bugs closed as By Design
A41: CR02 | B41: CR02_Cannot_Reproduce_Count | C41: 4 | D41: =COUNTIF(raw_data!BR:BR,"Cannot Reproduce") | E41: Bugs closed as Cannot Reproduce
A42: CR03 | B42: CR03_Completed_Count | C42: 21 | D42: =COUNTIF(raw_data!BR:BR,"Completed") | E42: Bugs closed as Completed
A43: CR04 | B43: CR04_Duplicate_Count | C43: 4 | D43: =COUNTIF(raw_data!BR:BR,"Duplicate") | E43: Bugs closed as Duplicate
A44: CR05 | B44: CR05_Invalid_Count | C44: 0 | D44: =COUNTIF(raw_data!BR:BR,"Invalid") | E44: Bugs closed as Invalid
A45: CR06 | B45: CR06_Obsolete_Count | C45: 1 | D45: =COUNTIF(raw_data!BR:BR,"Obsolete") | E45: Bugs closed as Obsolete
A46: CR07 | B46: CR07_Wont_Fix_Count | C46: 0 | D46: =COUNTIF(raw_data!BR:BR,"Won't Fix") | E46: Bugs closed as Won't Fix
A47: CR08 | B47: CR08_Close_Reason_Distribution | C47: 0 | D47: =DIVIDE( COUNTA(raw_data!A:A)-1, CALCULATE(COUNTA(raw_data!A:A)-1, ALL('Bugs'[CloseReason])), 0 ) | E47: Auto-generated from MD: Close Reason Distribution
A48: CR09 | B48: CR09_Cannot_Reproduce_Rate | C48: 12.903226 | D48: =CR02_Cannot_Reproduce_Count/V09_Closed_Bugs*100 | E48: Cannot Reproduce rate (%)
A49: CR10 | B49: CR10_Duplicate_Detection_Rate | C49: 12.903226 | D49: =CR04_Duplicate_Count/V09_Closed_Bugs*100 | E49: Duplicate detection rate (%)
A50: CR11 | B50: CR11_Invalid_Report_Rate | C50: 0 | D50: =DIVIDE( [CR05_Invalid_Count], [V09_Closed_Bugs], 0 ) | E50: Auto-generated from MD: Invalid Report Rate
A51: CR12 | B51: CR12_Successful_Completion_Rate | C51: 67.741935 | D51: =CR03_Completed_Count/V09_Closed_Bugs*100 | E51: Successful completion rate (%)
A52: CR13 | B52: CR13_By_Design_Rate | C52: 0 | D52: =DIVIDE( [CR01_By_Design_Count], [V09_Closed_Bugs], 0 ) | E52: Auto-generated from MD: By Design Rate
A53: CR14 | B53: CR14_Wont_Fix_Rate | C53: 0 | D53: =DIVIDE( [CR07_Wont_Fix_Count], [V09_Closed_Bugs], 0 ) | E53: Auto-generated from MD: Wont Fix Rate
A54: CR15 | B54: CR15_Actionable_Bugs_Rate | C54: 0 | D54: =DIVIDE( [CR03_Completed_Count], [V09_Closed_Bugs] - [CR04_Duplicate_Count] - [CR05_Invalid_Count], 0 ) | E54: Auto-generated from MD: Actionable Bugs Rate
A55: E01 | B55: E01_Total_Effort | C55: 4680.7081 | D55: =SUM(raw_data!BA:BA) | E55: Total effort (hours)
A56: E02 | B56: E02_Avg_Effort_per_Bug | C56: 46.807081 | D56: =AVERAGE(raw_data!BA:BA) | E56: Average effort per bug (hours)
A57: E03 | B57: E03_Median_Effort_per_Bug | C57: 46.559064 | D57: =MEDIAN(raw_data!BA:BA) | E57: Median effort per bug (hours)
A58: E04 | B58: E04_Total_Dev_Effort | C58: 2063.3553 | D58: =SUM(raw_data!AX:AX) | E58: Total development effort (hours)
A59: E05 | B59: E05_Total_Test_Effort | C59: 943.47705 | D59: =SUM(raw_data!AZ:AZ) | E59: Total test effort (hours)
A60: E06 | B60: E06_Total_Analysis_Effort | C60: 424.26217 | D60: =SUM(raw_data!AW:AW) | E60: Total analysis effort (hours)
A61: E07 | B61: E07_Total_Fix_Effort | C61: 1045.4817 | D61: =SUM(raw_data!AY:AY) | E61: Total fix effort (hours)
A62: E08 | B62: E08_Total_Reopen_Effort | C62: 0 | D62: =SUM('Bugs'[ReopenEffortHrs]) | E62: Auto-generated from MD: Total Reopen Effort
A63: E09 | B63: E09_Avg_Dev_Effort | C63: 20.633553 | D63: =AVERAGE(raw_data!AX:AX) | E63: Average dev effort per bug (hours)
A64: E10 | B64: E10_Avg_Test_Effort | C64: 9.4347705 | D64: =AVERAGE(raw_data!AZ:AZ) | E64: Average test effort per bug (hours)
A65: E11 | B65: E11_Avg_Analysis_Effort | C65: 0 | D65: =AVERAGE('Bugs'[AnalysisEffortHrs]) | E65: Auto-generated from MD: Avg Analysis Effort
A66: E12 | B66: E12_Avg_Fix_Effort | C66: 0 | D66: =AVERAGE('Bugs'[FixEffortHrs]) | E66: Auto-generated from MD: Avg Fix Effort
A67: E13 | B67: E13_Dev_Effort_Pct | C67: 44.082119 | D67: =E04_Total_Dev_Effort/E01_Total_Effort*100 | E67: Development effort percentage
A68: E14 | B68: E14_Test_Effort_Pct | C68: 20.156716 | D68: =E05_Total_Test_Effort/E01_Total_Effort*100 | E68: Test effort percentage
A69: E15 | B69: E15_Analysis_Effort_Pct | C69: 0 | D69: =DIVIDE([E06_Total_Analysis_Effort], [E01_Total_Effort], 0) | E69: Auto-generated from MD: Analysis Effort Pct
A70: E16 | B70: E16_Fix_Effort_Pct | C70: 0 | D70: =DIVIDE([E07_Total_Fix_Effort], [E01_Total_Effort], 0) | E70: Auto-generated from MD: Fix Effort Pct
A71: E17 | B71: E17_Reopen_Effort_Pct | C71: 0 | D71: =DIVIDE([E08_Total_Reopen_Effort], [E01_Total_Effort], 0) | E71: Auto-generated from MD: Reopen Effort Pct
A72: E18 | B72: E18_Critical_Bugs_Effort | C72: 0 | D72: =CALCULATE( SUM('Bugs'[TotalEffortHrs]), raw_data!D:D = "Critical" ) | E72: Auto-generated from MD: Critical Bugs Effort
A73: E19 | B73: E19_High_Bugs_Effort | C73: 0 | D73: =CALCULATE( SUM('Bugs'[TotalEffortHrs]), raw_data!D:D = "High" ) | E73: Auto-generated from MD: High Bugs Effort
A74: E20 | B74: E20_Escaped_Bugs_Effort | C74: 0 | D74: =CALCULATE( SUM('Bugs'[TotalEffortHrs]), raw_data!I:I = TRUE ) | E74: Auto-generated from MD: Escaped Bugs Effort
A75: E21 | B75: E21_Effort_Variance | C75: 0 | D75: =AVERAGEX( 'Bugs', 'Bugs'[TotalEffortHrs] - 'Bugs'[EstimatedEffortHrs] ) | E75: Auto-generated from MD: Effort Variance
A76: E22 | B76: E22_Effort_Variance_Pct | C76: 0 | D76: =DIVIDE( [E21_Effort_Variance], AVERAGE('Bugs'[EstimatedEffortHrs]), 0 ) | E76: Auto-generated from MD: Effort Variance Pct
A77: E23 | B77: E23_Estimate_Accuracy | C77: 0 | D77: =1 - ABS([E22_Effort_Variance_Pct]) | E77: Auto-generated from MD: Estimate Accuracy
A78: E24 | B78: E24_Effort_per_Severity_Critical | C78: 0 | D78: =DIVIDE( [E18_Critical_Bugs_Effort], CALCULATE(COUNTA(raw_data!A:A)-1, raw_data!D:D = "Critical"), 0 ) | E78: Auto-generated from MD: Effort per Severity Critical
A79: E25 | B79: E25_Effort_per_Severity_High | C79: 0 | D79: =DIVIDE( [E19_High_Bugs_Effort], CALCULATE(COUNTA(raw_data!A:A)-1, raw_data!D:D = "High"), 0 ) | E79: Auto-generated from MD: Effort per Severity High
A80: E26 | B80: E26_Wasted_Effort_Reopen | C80: 0 | D80: =[E08_Total_Reopen_Effort] | E80: Auto-generated from MD: Wasted Effort Reopen
A81: J01 | B81: J01_Project_Total_Bugs | C81: 100 | D81: =V01_Total_Bugs | E81: Total bugs in project
A82: J02 | B82: J02_Project_Bug_Density | C82: 0 | D82: =[Q14_Bug_Density] | E82: Auto-generated from MD: Project Bug Density
A83: J03 | B83: J03_Project_Defect_Density | C83: 0 | D83: =[J02_Project_Bug_Density] | E83: Auto-generated from MD: Project Defect Density
A84: J04 | B84: J04_Project_Critical_Bug_Density | C84: 0 | D84: =[Q15_Critical_Bug_Density] | E84: Auto-generated from MD: Project Critical Bug Density
A85: J05 | B85: J05_Project_Escape_Rate | C85: 0 | D85: =Q01_Escape_Rate | E85: Project escape rate
A86: J06 | B86: J06_Project_Reopen_Rate | C86: 0 | D86: =[Q03_Reopen_Rate] | E86: Auto-generated from MD: Project Reopen Rate
A87: J07 | B87: J07_Project_Quality_Index | C87: 0 | D87: =Q13_Quality_Index | E87: Project quality index
A88: J08 | B88: J08_Project_Avg_Lead_Time | C88: 209.41935 | D88: =T01_Avg_Lead_Time | E88: Project average lead time
A89: J09 | B89: J09_Project_Avg_Cycle_Time | C89: 0 | D89: =[T03_Avg_Cycle_Time] | E89: Auto-generated from MD: Project Avg Cycle Time
A90: J10 | B90: J10_Project_Total_Effort | C90: 0 | D90: =[E01_Total_Effort] | E90: Auto-generated from MD: Project Total Effort
A91: J11 | B91: J11_Project_Schedule_Variance | C91: 0 | D91: =AVERAGEX( 'Bugs', DATEDIFF('Bugs'[DueDate], 'Bugs'[ClosedDate], DAY) ) | E91: Auto-generated from MD: Project Schedule Variance
A92: J12 | B92: J12_Project_Cost_Variance | C92: 0 | D92: =[E21_Effort_Variance] | E92: Auto-generated from MD: Project Cost Variance
A93: J13 | B93: J13_Project_On_Time_Delivery_Rate | C93: 0 | D93: =Complex formula (see DAX reference) | E93: Auto-generated from MD: Project On Time Delivery Rate
A94: J14 | B94: J14_Project_Escaped_Bugs | C94: 0 | D94: =[V12_Escaped_Bugs] | E94: Auto-generated from MD: Project Escaped Bugs
A95: J15 | B95: J15_Project_Regression_Bugs | C95: 0 | D95: =[V13_Regression_Bugs] | E95: Auto-generated from MD: Project Regression Bugs
A96: J16 | B96: J16_Project_Health_Score | C96: 0 | D96: =([J07_Project_Quality_Index] * 0.4) + ([J13_Project_On_Time_Delivery_Rate] * 0.3) + ((1 - [J05_Project_Escape_Rate]) * 0.3) | E96: Auto-generated from MD: Project Health Score
A97: J17 | B97: J17_Project_Productivity | C97: 0 | D97: =DIVIDE( [S02_Sprint_Completed_Bugs], [J10_Project_Total_Effort], 0 ) | E97: Auto-generated from MD: Project Productivity
A98: J18 | B98: J18_Project_Cost_of_Quality | C98: 0 | D98: =[E08_Total_Reopen_Effort] + [E20_Escaped_Bugs_Effort] | E98: Auto-generated from MD: Project Cost of Quality
A99: J19 | B99: J19_Project_Rework_Rate | C99: 0 | D99: =DIVIDE([E08_Total_Reopen_Effort], [E01_Total_Effort], 0) | E99: Auto-generated from MD: Project Rework Rate
A100: J20 | B100: J20_Project_First_Time_Quality | C100: 0 | D100: =1 - [J19_Project_Rework_Rate] | E100: Auto-generated from MD: Project First Time Quality
...

Sheet raw_data
A1: BugID | B1: Title | C1: Description | D1: Severity | E1: Priority | F1: State | G1: Category | H1: IsRegression | I1: is_escaped | J1: ProjectID | K1: ProjectName | L1: TeamName | M1: TeamID | N1: ModuleID | O1: ModuleName | P1: SprintName | Q1: SprintID | R1: Tags | S1: ExternalTicketID | T1: Comments | U1: ReporterName | V1: ReporterID | W1: AssigneeName | X1: AssigneeID | Y1: VerifierName | Z1: VerifierID | AA1: ResolverName | AB1: ResolverID | AC1: CreatedDate | AD1: TriageDate | AE1: AssignedDate | AF1: StartedDate | AG1: InProgressDate | AH1: ReadyForRetestDate | AI1: ResolvedDate | AJ1: VerifiedDate | AK1: DoneDate | AL1: ClosedDate | AM1: LastModifiedDate | AN1: DueDate | AO1: ReopenCount | AP1: FirstReopenDate | AQ1: LastReopenDate | AR1: PreviousState | AS1: StateTransitionCount | AT1: TriageDurationHrs | AU1: ActiveDurationHrs | AV1: InProgressDurationHrs | AW1: ReadyForRetestDurationHrs | AX1: StateHistory | AY1: AssigneeChangeCount | AZ1: StateChangeCount | BA1: FixAttempts | BB1: AnalysisEffortHrs | BC1: DevEffortHrs | BD1: FixEffortHrs | BE1: TestEffortHrs | BF1: ReopenEffortHrs | BG1: TotalEffortHrs | BH1: EstimatedEffortHrs | BI1: LeadTimeHrs | BJ1: CycleTimeHrs | BK1: ResponseTimeHrs | BL1: WaitTimeHrs | BM1: ActiveWorkTimeHrs | BN1: AgeDays | BO1: RootCause | BP1: Resolution | BQ1: CloseReason | BR1: TestCaseID | BS1: IsDuplicate | BT1: DuplicateOfBugID | BU1: RetestPassCount | BV1: RetestFailCount
A2: 194977 | B2: چک شوددر کجا nameAndnationalcode در جدول entitytableکجا ست میشود؟ | C2: تکمیل توضیحات: چک شوددر کجا nameAndnationalcode در جدول entitytab... | D2: Medium | E2: P0 | F2: Done | G2: Data | H2: FALSE | I2: FALSE | J2: PRJ-001 | K2: Dem System | L2: Team Gamma | M2: T03 | N2: M09 | O2: Dem\DemBiz\SP_88 | P2: Sprint 23 | Q2: S23 | R2: Data;Medium | T2: کامنت 0 مورد | U2: Mohammad Safari | V2: U093 | W2: Fateme Akbari | X2: U511 | Y2: Zahra Ebrahimi | Z2: U002 | AA2: Mohammad Safari | AB2: U093 | AC2: 2024-06-12 | AD2: 2024-06-12 08:00:00 | AE2: 2024-06-12 09:00:00 | AF2: 2024-06-13 22:00:00 | AG2: 2024-06-13 22:00:00 | AH2: 2024-06-15 13:00:00 | AI2: 2024-06-16 07:00:00 | AJ2: 2024-06-16 13:00:00 | AK2: 2024-06-16 13:00:00 | AM2: 2024-06-16 13:00:00 | AN2: 2024-08-05 | AO2: 0 | AR2: Resolved | AS2: 8 | AT2: 1 | AU2: 37 | AV2: 39 | AW2: 18 | AX2: [{"state": "Open", "timestamp": "2024-06-12T00:00:00"}, {"state": "Triage", "timestamp": "2024-06-12T08:00:00"}] | AY2: 3 | AZ2: 10 | BA2: 1 | BB2: 5.0717325 | BC2: 17.699182 | BD2: 12.884326 | BE2: 15.790016 | BF2: 0 | BG2: 51.445256 | BH2: 54.334189 | BK2: 9 | BL2: 56 | BM2: 39 | BN2: 561.77079 | BO2: Coding | BP2: Fixed | BS2: FALSE | BU2: 3 | BV2: 2
A3: 183712 | B3: گزارش کارتابل یوزر ها در 1382 | C3: تکمیل توضیحات: گزارش کارتابل یوزر ها در 1382... | D3: Low | E3: P2 | F3: Triage | G3: Security | H3: TRUE | I3: FALSE | J3: PRJ-001 | K3: Dem System | L3: Team Beta | M3: T02 | N3: M09 | O3: Dem\DemBiz\SP_88 | P3: Sprint 23 | Q3: S23 | R3: Security;Low | S3: EXT-183712 | T3: کامنت 5 مورد | U3: Sara Ahmadi | V3: U091 | W3: Mina Hosseini | X3: U860 | AC3: 2024-01-27 | AD3: 2024-01-28 20:00:00 | AM3: 2024-01-28 20:00:00 | AN3: 2024-03-21 | AO3: 0 | AR3: Open | AS3: 4 | AX3: [{"state": "Open", "timestamp": "2024-01-27T00:00:00"}, {"state": "Triage", "timestamp": "2024-01-28T20:00:00"}] | AY3: 4 | AZ3: 4 | BA3: 1 | BB3: 4.2700927 | BC3: 38.699538 | BD3: 1.3834282 | BE3: 12.300673 | BF3: 0 | BG3: 56.653732 | BH3: 62.74182 | BL3: 0 | BM3: 0 | BN3: 698.77079 | BR3: TC-5506 | BS3: FALSE | BU3: 0 | BV3: 0
A4: 186097 | B4: گزارش های کارتابل رییس واحد باگ دارد | C4: تکمیل توضیحات: گزارش های کارتابل رییس واحد باگ دارد... | D4: Medium | E4: P2 | F4: Active | G4: Integration | H4: TRUE | I4: TRUE | J4: PRJ-001 | K4: Dem System | L4: Team Delta | M4: T04 | N4: M09 | O4: Dem\DemBiz\SP_88 | P4: Sprint 25 | Q4: S25 | R4: Integration;Medium | S4: EXT-186097 | T4: کامنت 5 مورد | U4: Mina Hosseini | V4: U860 | W4: Mohammad Safari | X4: U093 | AC4: 2024-05-19 | AD4: 2024-05-19 06:00:00 | AE4: 2024-05-20 01:00:00 | AM4: 2024-05-20 01:00:00 | AN4: 2024-06-22 | AO4: 0 | AR4: Triage | AS4: 2 | AT4: 19 | AX4: [{"state": "Open", "timestamp": "2024-05-19T00:00:00"}, {"state": "Triage", "timestamp": "2024-05-19T06:00:00"}] | AY4: 2 | AZ4: 3 | BA4: 1 | BB4: 0.88609063 | BC4: 38.581179 | BD4: 7.804946 | BE4: 6.6438938 | BF4: 0 | BG4: 53.91611 | BH4: 63.270702 | BK4: 25 | BL4: 19 | BM4: 0 | BN4: 585.77079 | BR4: TC-3286 | BS4: FALSE | BU4: 0 | BV4: 0
A5: 186218 | B5: گزارش کارتابل یوزر های اداره کل وصول مطالبات باگ دارد | C5: تکمیل توضیحات: گزارش کارتابل یوزر های اداره کل وصول مطالبات باگ د... | D5: Medium | E5: P2 | F5: Closed | G5: Performance | H5: TRUE | I5: FALSE | J5: PRJ-001 | K5: Dem System | L5: Team Alpha | M5: T01 | N5: M09 | O5: Dem\DemBiz\SP_88 | P5: Sprint 27 | Q5: S27 | R5: Performance;Medium | S5: EXT-186218 | T5: کامنت 0 مورد | U5: Sara Ahmadi | V5: U091 | W5: Mohammad Safari | X5: U093 | Y5: Reza Mohammadi | Z5: U493 | AA5: Mina Hosseini | AB5: U860 | AC5: 2024-01-09 | AD5: 2024-01-09 02:00:00 | AE5: 2024-01-09 05:00:00 | AF5: 2024-01-10 10:00:00 | AG5: 2024-01-10 10:00:00 | AH5: 2024-01-11 23:00:00 | AI5: 2024-01-13 11:00:00 | AJ5: 2024-01-14 08:00:00 | AK5: 2024-01-14 09:00:00 | AL5: 2024-01-15 21:00:00 | AM5: 2024-01-15 21:00:00 | AN5: 2024-01-28 | AO5: 3 | AP5: 2024-01-19 21:00:00 | AQ5: 2024-01-22 21:00:00 | AR5: Done | AS5: 9 | AT5: 3 | AU5: 29 | AV5: 37 | AW5: 36 | AX5: [{"state": "Open", "timestamp": "2024-01-09T00:00:00"}, {"state": "Triage", "timestamp": "2024-01-09T02:00:00"}] | AY5: 4 | AZ5: 9 | BA5: 4 | BB5: 2.5898485 | BC5: 34.267369 | BD5: 12.704268 | BE5: 2.2525108 | BF5: 23.169552 | BG5: 74.983548 | BH5: 74.913462 | BI5: 165 | BJ5: 131 | BK5: 5 | BL5: 68 | BM5: 37 | BN5: 716.77079 | BO5: Integration | BP5: Fixed | BQ5: Duplicate | BS5: TRUE | BT5: 191994 | BU5: 2 | BV5: 0
A6: 187649 | B6: تعداد سند های ، کارتابل یوزر جوان خیلی زیاد است | C6: تکمیل توضیحات: تعداد سند های ، کارتابل یوزر جوان خیلی زیاد است... | D6: High | E6: P3 | F6: Done | G6: Security | H6: TRUE | I6: TRUE | J6: PRJ-001 | K6: Dem System | L6: Team Beta | M6: T02 | N6: M09 | O6: Dem\DemBiz\SP_88 | P6: Sprint 26 | Q6: S26 | R6: Security;High | T6: کامنت 5 مورد | U6: Hassan Karimi | V6: U829 | W6: Hassan Karimi | X6: U829 | Y6: Hassan Karimi | Z6: U829 | AA6: Zahra Ebrahimi | AB6: U002 | AC6: 2024-05-30 | AD6: 2024-05-30 18:00:00 | AE6: 2024-05-30 19:00:00 | AF6: 2024-05-31 17:00:00 | AG6: 2024-05-31 17:00:00 | AH6: 2024-06-04 18:00:00 | AI6: 2024-06-06 01:00:00 | AJ6: 2024-06-06 13:00:00 | AK6: 2024-06-06 13:00:00 | AM6: 2024-06-06 13:00:00 | AN6: 2024-06-23 | AO6: 0 | AR6: Resolved | AS6: 8 | AT6: 1 | AU6: 22 | AV6: 97 | AW6: 31 | AX6: [{"state": "Open", "timestamp": "2024-05-30T00:00:00"}, {"state": "Triage", "timestamp": "2024-05-30T18:00:00"}] | AY6: 4 | AZ6: 10 | BA6: 1 | BB6: 7.3119941 | BC6: 12.483507 | BD6: 10.311157 | BE6: 12.657204 | BF6: 0 | BG6: 42.763862 | BH6: 32.164932 | BK6: 19 | BL6: 54 | BM6: 97 | BN6: 574.77079 | BO6: Testing | BP6: Fixed | BS6: FALSE | BU6: 1 | BV6: 0
A7: 188959 | B7: کمبو محل مصرف ،در فرم ثبت درخواست ، ایران وسط شهر ها هست | C7: تکمیل توضیحات: کمبو محل مصرف ،در فرم ثبت درخواست ، ایران وسط شهر ... | D7: High | E7: P1 | F7: Open | G7: Data | H7: FALSE | I7: FALSE | J7: PRJ-001 | K7: Dem System | L7: Team Alpha | M7: T01 | N7: M09 | O7: Dem\DemBiz\SP_88 | P7: Sprint 24 | Q7: S24 | R7: Data;High | T7: کامنت 4 مورد | U7: Fateme Akbari | V7: U511 | W7: Ali Rezaei | X7: U374 | AC7: 2024-02-09 | AM7: 2024-02-09 00:00:00 | AN7: 2024-02-29 | AO7: 0 | AS7: 3 | AX7: [{"state": "Open", "timestamp": "2024-02-09T00:00:00"}, {"state": "Triage", "timestamp": ""}] | AY7: 1 | AZ7: 5 | BA7: 1 | BB7: 2.2967142 | BC7: 16.018811 | BD7: 17.201552 | BE7: 9.3760637 | BF7: 0 | BG7: 44.893141 | BH7: 45.892639 | BL7: 0 | BM7: 0 | BN7: 685.77079 | BS7: FALSE | BU7: 0 | BV7: 0
A8: 189035 | B8: دکمه ذخیره ویرایش عقد | C8: تکمیل توضیحات: دکمه ذخیره ویرایش عقد... | D8: Critical | E8: P2 | F8: Triage | G8: Backend | H8: TRUE | I8: FALSE | J8: PRJ-001 | K8: Dem System | L8: Team Delta | M8: T04 | N8: M09 | O8: Dem\DemBiz\SP_88 | P8: Sprint 26 | Q8: S26 | R8: Backend;Critical | T8: کامنت 2 مورد | U8: Sara Ahmadi | V8: U091 | W8: Mina Hosseini | X8: U860 | AC8: 2024-03-27 | AD8: 2024-03-27 07:00:00 | AM8: 2024-03-27 07:00:00 | AN8: 2024-04-08 | AO8: 0 | AR8: Open | AS8: 1 | AX8: [{"state": "Open", "timestamp": "2024-03-27T00:00:00"}, {"state": "Triage", "timestamp": "2024-03-27T07:00:00"}] | AY8: 2 | AZ8: 2 | BA8: 1 | BB8: 1.5867115 | BC8: 34.19433 | BD8: 13.344526 | BE8: 7.3633301 | BF8: 0 | BG8: 56.488898 | BH8: 59.432233 | BL8: 0 | BM8: 0 | BN8: 638.77079 | BR8: TC-7912 | BS8: FALSE | BU8: 0 | BV8: 0
A9: 189703 | B9: باگ کاربرگ بررسی | C9: تکمیل توضیحات: باگ کاربرگ بررسی... | D9: Low | E9: P3 | F9: Done | G9: Security | H9: FALSE | I9: FALSE | J9: PRJ-001 | K9: Dem System | L9: Team Gamma | M9: T03 | N9: M09 | O9: Dem\DemBiz\SP_88 | P9: Sprint 24 | Q9: S24 | R9: Security;Low | S9: EXT-189703 | T9: کامنت 5 مورد | U9: Mina Hosseini | V9: U860 | W9: Zahra Ebrahimi | X9: U002 | Y9: Zahra Ebrahimi | Z9: U002 | AA9: Hassan Karimi | AB9: U829 | AC9: 2024-04-07 | AD9: 2024-04-07 07:00:00 | AE9: 2024-04-07 19:00:00 | AF9: 2024-04-09 17:00:00 | AG9: 2024-04-09 17:00:00 | AH9: 2024-04-13 06:00:00 | AI9: 2024-04-14 02:00:00 | AJ9: 2024-04-14 05:00:00 | AK9: 2024-04-14 05:00:00 | AM9: 2024-04-14 05:00:00 | AN9: 2024-05-30 | AO9: 0 | AR9: Resolved | AS9: 6 | AT9: 12 | AU9: 46 | AV9: 85 | AW9: 20 | AX9: [{"state": "Open", "timestamp": "2024-04-07T00:00:00"}, {"state": "Triage", "timestamp": "2024-04-07T07:00:00"}] | AY9: 2 | AZ9: 6 | BA9: 1 | BB9: 4.1708957 | BC9: 13.359958 | BD9: 3.6772213 | BE9: 14.595316 | BF9: 0 | BG9: 35.803391 | BH9: 41.07593 | BK9: 19 | BL9: 78 | BM9: 85 | BN9: 627.77079 | BO9: Config | BP9: Fixed | BR9: TC-2535 | BS9: FALSE | BU9: 1 | BV9: 1
A10: 189796 | B10: کمبو نام مشتری در گزارش نسبت های مالی ، رکورد نال نمایش می هد/گزارش | C10: تکمیل توضیحات: کمبو نام مشتری در گزارش نسبت های مالی ، رکورد نال ... | D10: Medium | E10: P1 | F10: Open | G10: Backend | H10: FALSE | I10: TRUE | J10: PRJ-001 | K10: Dem System | L10: Team Delta | M10: T04 | N10: M09 | O10: Dem\DemBiz\SP_88 | P10: Sprint 27 | Q10: S27 | R10: Backend;Medium | T10: کامنت 2 مورد | U10: Ali Rezaei | V10: U374 | W10: Mohammad Safari | X10: U093 | AC10: 2024-04-27 | AM10: 2024-04-27 00:00:00 | AN10: 2024-06-07 | AO10: 0 | AS10: 2 | AX10: [{"state": "Open", "timestamp": "2024-04-27T00:00:00"}, {"state": "Triage", "timestamp": ""}] | AY10: 2 | AZ10: 4 | BA10: 1 | BB10: 7.8923784 | BC10: 7.6102171 | BD10: 1.8760906 | BE10: 2.6679622 | BF10: 0 | BG10: 20.046648 | BH10: 19.22465 | BL10: 0 | BM10: 0 | BN10: 607.77079 | BR10: TC-9279 | BS10: FALSE | BU10: 0 | BV10: 0
A11: 189801 | B11: کمبو نام شخص در گزارش مدیران و سهامداران/شرکا، کورد نال نمایش می دهد/ گزارش | C11: تکمیل توضیحات: کمبو نام شخص در گزارش مدیران و سهامداران/شرکا، کور... | D11: Medium | E11: P1 | F11: Active | G11: Integration | H11: TRUE | I11: FALSE | J11: PRJ-001 | K11: Dem System | L11: Team Beta | M11: T02 | N11: M09 | O11: Dem\DemBiz\SP_88 | P11: Sprint 24 | Q11: S24 | R11: Integration;Medium | S11: EXT-189801 | T11: کامنت 0 مورد | U11: Mohammad Safari | V11: U093 | W11: Reza Mohammadi | X11: U493 | AC11: 2024-02-01 | AD11: 2024-02-02 01:00:00 | AE11: 2024-02-02 04:00:00 | AM11: 2024-02-02 04:00:00 | AN11: 2024-03-14 | AO11: 0 | AR11: Triage | AS11: 3 | AT11: 3 | AX11: [{"state": "Open", "timestamp": "2024-02-01T00:00:00"}, {"state": "Triage", "timestamp": "2024-02-02T01:00:00"}] | AY11: 4 | AZ11: 4 | BA11: 1 | BB11: 2.3154145 | BC11: 22.715249 | BD11: 13.027176 | BE11: 8.3893766 | BF11: 0 | BG11: 46.447216 | BH11: 36.068501 | BK11: 28 | BL11: 3 | BM11: 0 | BN11: 693.77079 | BS11: FALSE | BU11: 0 | BV11: 0
A12: 189803 | B12: نامرتب بودن ، کمبو واحد کارشناسی / گزارش | C12: تکمیل توضیحات: نامرتب بودن ، کمبو واحد کارشناسی / گزارش... | D12: Critical | E12: P2 | F12: Resolved | G12: Performance | H12: FALSE | I12: FALSE | J12: PRJ-001 | K12: Dem System | L12: Team Gamma | M12: T03 | N12: M09 | O12: Dem\DemBiz\SP_88 | P12: Sprint 25 | Q12: S25 | R12: Performance;Critical | S12: EXT-189803 | T12: کامنت 2 مورد | U12: Hassan Karimi | V12: U829 | W12: Mina Hosseini | X12: U860 | Y12: Fateme Akbari | Z12: U511 | AA12: Fateme Akbari | AB12: U511 | AC12: 2024-03-16 | AD12: 2024-03-17 17:00:00 | AE12: 2024-03-18 13:00:00 | AF12: 2024-03-20 13:00:00 | AG12: 2024-03-20 13:00:00 | AH12: 2024-03-23 22:00:00 | AI12: 2024-03-24 14:00:00 | AM12: 2024-03-24 14:00:00 | AN12: 2024-05-07 | AO12: 0 | AR12: Ready for Retest | AS12: 7 | AT12: 20 | AU12: 48 | AV12: 81 | AW12: 16 | AX12: [{"state": "Open", "timestamp": "2024-03-16T00:00:00"}, {"state": "Triage", "timestamp": "2024-03-17T17:00:00"}] | AY12: 3 | AZ12: 9 | BA12: 1 | BB12: 5.5410166 | BC12: 37.510036 | BD12: 1.0169706 | BE12: 1.1703047 | BF12: 0 | BG12: 45.238328 | BH12: 39.369358 | BK12: 61 | BL12: 84 | BM12: 81 | BN12: 649.77079 | BO12: Config | BP12: Fixed | BR12: TC-9928 | BS12: FALSE | BU12: 0 | BV12: 2
A13: 189805 | B13: عدم نمایش عقد تقسیط - تقسیط ضمانت نامه ، در کمبو نوع عقود/گزارش | C13: تکمیل توضیحات: عدم نمایش عقد تقسیط - تقسیط ضمانت نامه ، در کمبو ن... | D13: Low | E13: P1 | F13: Done | G13: UI | H13: FALSE | I13: FALSE | J13: PRJ-001 | K13: Dem System | L13: Team Beta | M13: T02 | N13: M09 | O13: Dem\DemBiz\SP_88 | P13: Sprint 25 | Q13: S25 | R13: UI;Low | T13: کامنت 3 مورد | U13: Ali Rezaei | V13: U374 | W13: Hassan Karimi | X13: U829 | Y13: Ali Rezaei | Z13: U374 | AA13: Ali Rezaei | AB13: U374 | AC13: 2024-01-18 | AD13: 2024-01-18 03:00:00 | AE13: 2024-01-19 01:00:00 | AF13: 2024-01-20 08:00:00 | AG13: 2024-01-20 08:00:00 | AH13: 2024-01-24 18:00:00 | AI13: 2024-01-25 16:00:00 | AJ13: 2024-01-25 20:00:00 | AK13: 2024-01-25 20:00:00 | AM13: 2024-01-25 20:00:00 | AN13: 2024-02-08 | AO13: 0 | AR13: Resolved | AS13: 8 | AT13: 22 | AU13: 31 | AV13: 106 | AW13: 22 | AX13: [{"state": "Open", "timestamp": "2024-01-18T00:00:00"}, {"state": "Triage", "timestamp": "2024-01-18T03:00:00"}] | AY13: 2 | AZ13: 10 | BA13: 1 | BB13: 6.2121471 | BC13: 28.145162 | BD13: 11.922624 | BE13: 8.0299096 | BF13: 0 | BG13: 54.309843 | BH13: 49.848255 | BK13: 25 | BL13: 75 | BM13: 106 | BN13: 707.77079 | BO13: Integration | BP13: By Design | BR13: TC-8359 | BS13: FALSE | BU13: 1 | BV13: 1
A14: 189808 | B14: کمبو شماره مشتری در گزارش نظارتی ، رکورد نال نمایش می دهد/گزارش | C14: تکمیل توضیحات: کمبو شماره مشتری در گزارش نظارتی ، رکورد نال نمایش... | D14: Low | E14: P3 | F14: Done | G14: Performance | H14: TRUE | I14: FALSE | J14: PRJ-001 | K14: Dem System | L14: Team Gamma | M14: T03 | N14: M09 | O14: Dem\DemBiz\SP_88 | P14: Sprint 25 | Q14: S25 | R14: Performance;Low | S14: EXT-189808 | T14: کامنت 1 مورد | U14: Ali Rezaei | V14: U374 | W14: Zahra Ebrahimi | X14: U002 | Y14: Zahra Ebrahimi | Z14: U002 | AA14: Ali Rezaei | AB14: U374 | AC14: 2024-01-26 | AD14: 2024-01-27 01:00:00 | AE14: 2024-01-27 10:00:00 | AF14: 2024-01-29 22:00:00 | AG14: 2024-01-29 22:00:00 | AH14: 2024-02-02 15:00:00 | AI14: 2024-02-03 18:00:00 | AJ14: 2024-02-04 01:00:00 | AK14: 2024-02-04 01:00:00 | AM14: 2024-02-04 01:00:00 | AN14: 2024-02-25 | AO14: 0 | AR14: Resolved | AS14: 8 | AT14: 9 | AU14: 60 | AV14: 89 | AW14: 27 | AX14: [{"state": "Open", "timestamp": "2024-01-26T00:00:00"}, {"state": "Triage", "timestamp": "2024-01-27T01:00:00"}] | AY14: 4 | AZ14: 8 | BA14: 1 | BB14: 2.2822816 | BC14: 23.232386 | BD14: 18.83449 | BE14: 1.8445491 | BF14: 0 | BG14: 46.193706 | BH14: 50.237981 | BK14: 34 | BL14: 96 | BM14: 89 | BN14: 699.77079 | BO14: Integration | BP14: Fixed | BR14: TC-1106 | BS14: FALSE | BU14: 1 | BV14: 0
A15: 190117 | B15: کمبو مدیریت شعب در گزارشات ، منو سامانه باگ دارد | C15: تکمیل توضیحات: کمبو مدیریت شعب در گزارشات ، منو سامانه باگ دارد... | D15: High | E15: P3 | F15: Active | G15: Security | H15: FALSE | I15: FALSE | J15: PRJ-001 | K15: Dem System | L15: Team Alpha | M15: T01 | N15: M09 | O15: Dem\DemBiz\SP_88 | P15: Sprint 25 | Q15: S25 | R15: Security;High | S15: EXT-190117 | T15: کامنت 3 مورد | U15: Ali Rezaei | V15: U374 | W15: Ali Rezaei | X15: U374 | AC15: 2024-03-31 | AD15: 2024-03-31 14:00:00 | AE15: 2024-04-01 12:00:00 | AM15: 2024-04-01 12:00:00 | AN15: 2024-04-24 | AO15: 0 | AR15: Triage | AS15: 4 | AT15: 22 | AX15: [{"state": "Open", "timestamp": "2024-03-31T00:00:00"}, {"state": "Triage", "timestamp": "2024-03-31T14:00:00"}] | AY15: 1 | AZ15: 6 | BA15: 1 | BB15: 5.9616226 | BC15: 4.7898833 | BD15: 11.721746 | BE15: 2.7822687 | BF15: 0 | BG15: 25.255521 | BH15: 26.328047 | BK15: 36 | BL15: 22 | BM15: 0 | BN15: 634.77079 | BS15: FALSE | BU15: 0 | BV15: 0
A16: 190121 | B16: اصلاح تایتل گزارش درخواست های وارده به اداره کل اعتبارات | C16: تکمیل توضیحات: اصلاح تایتل گزارش درخواست های وارده به اداره کل اع... | D16: High | E16: P2 | F16: Closed | G16: Backend | H16: FALSE | I16: FALSE | J16: PRJ-001 | K16: Dem System | L16: Team Alpha | M16: T01 | N16: M09 | O16: Dem\DemBiz\SP_88 | P16: Sprint 26 | Q16: S26 | R16: Backend;High | T16: کامنت 0 مورد | U16: Reza Mohammadi | V16: U493 | W16: Ali Rezaei | X16: U374 | Y16: Reza Mohammadi | Z16: U493 | AA16: Hassan Karimi | AB16: U829 | AC16: 2024-06-28 | AD16: 2024-06-29 20:00:00 | AE16: 2024-06-30 17:00:00 | AF16: 2024-07-01 04:00:00 | AG16: 2024-07-01 04:00:00 | AH16: 2024-07-04 17:00:00 | AI16: 2024-07-06 13:00:00 | AJ16: 2024-07-06 20:00:00 | AK16: 2024-07-07 00:00:00 | AL16: 2024-07-07 11:00:00 | AM16: 2024-07-07 11:00:00 | AN16: 2024-08-03 | AO16: 3 | AP16: 2024-07-12 11:00:00 | AQ16: 2024-07-17 11:00:00 | AR16: Done | AS16: 10 | AT16: 21 | AU16: 11 | AV16: 85 | AW16: 44 | AX16: [{"state": "Open", "timestamp": "2024-06-28T00:00:00"}, {"state": "Triage", "timestamp": "2024-06-29T20:00:00"}] | AY16: 3 | AZ16: 10 | BA16: 4 | BB16: 3.2583735 | BC16: 24.985282 | BD16: 8.0693136 | BE16: 2.7628937 | BF16: 21.122393 | BG16: 60.198256 | BH16: 55.00062 | BI16: 227 | BJ16: 151 | BK16: 65 | BL16: 76 | BM16: 85 | BN16: 545.77079 | BO16: Config | BP16: Fixed | BQ16: Completed | BR16: TC-7924 | BS16: FALSE | BU16: 2 | BV16: 0
A17: 190125 | B17: کمبو معرف در گزارش تسهیلات متفرقه ، رکورد نال نمایش می دهد | C17: تکمیل توضیحات: کمبو معرف در گزارش تسهیلات متفرقه ، رکورد نال نمای... | D17: High | E17: P3 | F17: In Progress | G17: Backend | H17: FALSE | I17: FALSE | J17: PRJ-001 | K17: Dem System | L17: Team Alpha | M17: T01 | N17: M09 | O17: Dem\DemBiz\SP_88 | P17: Sprint 27 | Q17: S27 | R17: Backend;High | T17: کامنت 5 مورد | U17: Mohammad Safari | V17: U093 | W17: Hassan Karimi | X17: U829 | AC17: 2024-06-25 | AD17: 2024-06-26 12:00:00 | AE17: 2024-06-26 20:00:00 | AF17: 2024-06-28 15:00:00 | AG17: 2024-06-28 15:00:00 | AM17: 2024-06-28 15:00:00 | AN17: 2024-08-24 | AO17: 0 | AR17: Active | AS17: 3 | AT17: 8 | AU17: 43 | AX17: [{"state": "Open", "timestamp": "2024-06-25T00:00:00"}, {"state": "Triage", "timestamp": "2024-06-26T12:00:00"}] | AY17: 1 | AZ17: 5 | BA17: 1 | BB17: 5.2422937 | BC17: 39.6121 | BD17: 13.04412 | BE17: 10.738155 | BF17: 0 | BG17: 68.636669 | BH17: 88.67234 | BK17: 44 | BL17: 51 | BM17: 0 | BN17: 548.77079 | BR17: TC-3547 | BS17: FALSE | BU17: 0 | BV17: 0
A18: 190142 | B18: عدم دریافت گزارش مدت زمان توقف کارپرونده وارده به اداره کل اعتبارات | C18: تکمیل توضیحات: عدم دریافت گزارش مدت زمان توقف کارپرونده وارده به ... | D18: High | E18: P3 | F18: In Progress | G18: Data | H18: FALSE | I18: FALSE | J18: PRJ-001 | K18: Dem System | L18: Team Delta | M18: T04 | N18: M09 | O18: Dem\DemBiz\SP_88 | P18: Sprint 24 | Q18: S24 | R18: Data;High | S18: EXT-190142 | T18: کامنت 5 مورد | U18: Fateme Akbari | V18: U511 | W18: Hassan Karimi | X18: U829 | AC18: 2024-01-15 | AD18: 2024-01-15 15:00:00 | AE18: 2024-01-15 17:00:00 | AF18: 2024-01-17 11:00:00 | AG18: 2024-01-17 11:00:00 | AM18: 2024-01-17 11:00:00 | AN18: 2024-02-16 | AO18: 0 | AR18: Active | AS18: 6 | AT18: 2 | AU18: 42 | AX18: [{"state": "Open", "timestamp": "2024-01-15T00:00:00"}, {"state": "Triage", "timestamp": "2024-01-15T15:00:00"}] | AY18: 3 | AZ18: 7 | BA18: 1 | BB18: 5.2514728 | BC18: 6.4632766 | BD18: 9.4359314 | BE18: 12.190673 | BF18: 0 | BG18: 33.341354 | BH18: 35.457359 | BK18: 17 | BL18: 44 | BM18: 0 | BN18: 710.77079 | BR18: TC-6514 | BS18: FALSE | BU18: 0 | BV18: 0
A19: 190225 | B19: خالی بودن کمبو واحد کارشناسی در گزارش آمار تجمیعی واحد ها | C19: تکمیل توضیحات: خالی بودن کمبو واحد کارشناسی در گزارش آمار تجمیعی ... | D19: Medium | E19: P1 | F19: Closed | G19: Backend | H19: FALSE | I19: FALSE | J19: PRJ-001 | K19: Dem System | L19: Team Beta | M19: T02 | N19: M09 | O19: Dem\DemBiz\SP_88 | P19: Sprint 24 | Q19: S24 | R19: Backend;Medium | T19: کامنت 2 مورد | U19: Zahra Ebrahimi | V19: U002 | W19: Reza Mohammadi | X19: U493 | Y19: Mohammad Safari | Z19: U093 | AA19: Mohammad Safari | AB19: U093 | AC19: 2024-03-09 | AD19: 2024-03-09 05:00:00 | AE19: 2024-03-09 12:00:00 | AF19: 2024-03-11 06:00:00 | AG19: 2024-03-11 06:00:00 | AH19: 2024-03-12 17:00:00 | AI19: 2024-03-14 14:00:00 | AJ19: 2024-03-15 07:00:00 | AK19: 2024-03-15 14:00:00 | AL19: 2024-03-17 08:00:00 | AM19: 2024-03-17 08:00:00 | AN19: 2024-04-14 | AO19: 1 | AP19: 2024-03-22 08:00:00 | AQ19: 2024-03-22 08:00:00 | AR19: Done | AS19: 10 | AT19: 7 | AU19: 42 | AV19: 35 | AW19: 45 | AX19: [{"state": "Open", "timestamp": "2024-03-09T00:00:00"}, {"state": "Triage", "timestamp": "2024-03-09T05:00:00"}] | AY19: 4 | AZ19: 12 | BA19: 2 | BB19: 4.5183101 | BC19: 21.214856 | BD19: 11.139527 | BE19: 9.7505315 | BF19: 0.14544666 | BG19: 46.768672 | BH19: 39.39494 | BI19: 200 | BJ19: 146 | BK19: 12 | BL19: 94 | BM19: 35 | BN19: 656.77079 | BO19: Config | BP19: Fixed | BQ19: Completed | BR19: TC-7224 | BS19: FALSE | BU19: 1 | BV19: 0
A20: 190227 | B20: خالی بودن کمبو در گزارش تفضیلی در تمام مراجع همراه وثایق | C20: تکمیل توضیحات: خالی بودن کمبو در گزارش تفضیلی در تمام مراجع همراه... | D20: Medium | E20: P3 | F20: Done | G20: Data | H20: FALSE | I20: TRUE | J20: PRJ-001 | K20: Dem System | L20: Team Delta | M20: T04 | N20: M09 | O20: Dem\DemBiz\SP_88 | P20: Sprint 25 | Q20: S25 | R20: Data;Medium | T20: کامنت 4 مورد | U20: Mohammad Safari | V20: U093 | W20: Mohammad Safari | X20: U093 | Y20: Ali Rezaei | Z20: U374 | AA20: Reza Mohammadi | AB20: U493 | AC20: 2024-02-05 | AD20: 2024-02-05 16:00:00 | AE20: 2024-02-06 16:00:00 | AF20: 2024-02-09 14:00:00 | AG20: 2024-02-09 14:00:00 | AH20: 2024-02-11 07:00:00 | AI20: 2024-02-13 00:00:00 | AJ20: 2024-02-13 15:00:00 | AK20: 2024-02-13 15:00:00 | AM20: 2024-02-13 15:00:00 | AN20: 2024-03-20 | AO20: 0 | AR20: Resolved | AS20: 9 | AT20: 24 | AU20: 70 | AV20: 41 | AW20: 41 | AX20: [{"state": "Open", "timestamp": "2024-02-05T00:00:00"}, {"state": "Triage", "timestamp": "2024-02-05T16:00:00"}] | AY20: 0 | AZ20: 9 | BA20: 1 | BB20: 1.1771733 | BC20: 35.21755 | BD20: 18.858564 | BE20: 15.432588 | BF20: 0 | BG20: 70.685875 | BH20: 53.796862 | BK20: 40 | BL20: 135 | BM20: 41 | BN20: 689.77079 | BO20: Coding | BP20: Won't Fix | BR20: TC-6635 | BS20: FALSE | BU20: 3 | BV20: 0
A21: 190229 | B21: خالی بودن کمبو در گزارش درخواست های وارده به اداره کل اعتبارات | C21: تکمیل توضیحات: خالی بودن کمبو در گزارش درخواست های وارده به اداره... | D21: High | E21: P2 | F21: Closed | G21: Integration | H21: FALSE | I21: FALSE | J21: PRJ-001 | K21: Dem System | L21: Team Alpha | M21: T01 | N21: M09 | O21: Dem\DemBiz\SP_88 | P21: Sprint 25 | Q21: S25 | R21: Integration;High | S21: EXT-190229 | T21: کامنت 1 مورد | U21: Reza Mohammadi | V21: U493 | W21: Ali Rezaei | X21: U374 | Y21: Zahra Ebrahimi | Z21: U002 | AA21: Zahra Ebrahimi | AB21: U002 | AC21: 2024-04-12 | AD21: 2024-04-13 00:00:00 | AE21: 2024-04-13 08:00:00 | AF21: 2024-04-14 03:00:00 | AG21: 2024-04-14 03:00:00 | AH21: 2024-04-17 04:00:00 | AI21: 2024-04-18 15:00:00 | AJ21: 2024-04-18 19:00:00 | AK21: 2024-04-18 20:00:00 | AL21: 2024-04-19 04:00:00 | AM21: 2024-04-19 04:00:00 | AN21: 2024-04-28 | AO21: 1 | AP21: 2024-04-26 04:00:00 | AQ21: 2024-04-26 04:00:00 | AR21: Done | AS21: 9 | AT21: 8 | AU21: 19 | AV21: 73 | AW21: 35 | AX21: [{"state": "Open", "timestamp": "2024-04-12T00:00:00"}, {"state": "Triage", "timestamp": "2024-04-13T00:00:00"}] | AY21: 3 | AZ21: 9 | BA21: 2 | BB21: 6.7647687 | BC21: 29.889976 | BD21: 8.0290014 | BE21: 6.6230587 | BF21: 5.8991769 | BG21: 57.205982 | BH21: 45.290862 | BI21: 172 | BJ21: 121 | BK21: 32 | BL21: 62 | BM21: 73 | BN21: 622.77079 | BO21: Data | BP21: Fixed | BQ21: Completed | BS21: FALSE | BU21: 3 | BV21: 2
A22: 190238 | B22: خالی بودن کمبو واحد کارشناسی در گزارش گزارش محرک های هزینه یابی | C22: تکمیل توضیحات: خالی بودن کمبو واحد کارشناسی در گزارش گزارش محرک ه... | D22: Medium | E22: P3 | F22: Done | G22: UI | H22: FALSE | I22: FALSE | J22: PRJ-001 | K22: Dem System | L22: Team Beta | M22: T02 | N22: M09 | O22: Dem\DemBiz\SP_88 | P22: Sprint 23 | Q22: S23 | R22: UI;Medium | T22: کامنت 4 مورد | U22: Zahra Ebrahimi | V22: U002 | W22: Zahra Ebrahimi | X22: U002 | Y22: Hassan Karimi | Z22: U829 | AA22: Sara Ahmadi | AB22: U091 | AC22: 2024-06-01 | AD22: 2024-06-01 05:00:00 | AE22: 2024-06-01 18:00:00 | AF22: 2024-06-03 20:00:00 | AG22: 2024-06-03 20:00:00 | AH22: 2024-06-07 08:00:00 | AI22: 2024-06-08 17:00:00 | AJ22: 2024-06-09 11:00:00 | AK22: 2024-06-09 11:00:00 | AM22: 2024-06-09 11:00:00 | AN22: 2024-06-24 | AO22: 0 | AR22: Resolved | AS22: 7 | AT22: 13 | AU22: 50 | AV22: 84 | AW22: 33 | AX22: [{"state": "Open", "timestamp": "2024-06-01T00:00:00"}, {"state": "Triage", "timestamp": "2024-06-01T05:00:00"}] | AY22: 1 | AZ22: 8 | BA22: 1 | BB22: 2.9058505 | BC22: 28.183614 | BD22: 19.243216 | BE22: 5.2856813 | BF22: 0 | BG22: 55.618362 | BH22: 47.140713 | BK22: 18 | BL22: 96 | BM22: 84 | BN22: 572.77079 | BO22: Testing | BP22: Fixed | BS22: FALSE | BU22: 1 | BV22: 1
A23: 190240 | B23: خالی بودن کمبو ر گزارش آمار مصوبات صادره | C23: تکمیل توضیحات: خالی بودن کمبو ر گزارش آمار مصوبات صادره... | D23: High | E23: P3 | F23: Done | G23: Security | H23: FALSE | I23: FALSE | J23: PRJ-001 | K23: Dem System | L23: Team Alpha | M23: T01 | N23: M09 | O23: Dem\DemBiz\SP_88 | P23: Sprint 27 | Q23: S27 | R23: Security;High | T23: کامنت 0 مورد | U23: Mohammad Safari | V23: U093 | W23: Mina Hosseini | X23: U860 | Y23: Hassan Karimi | Z23: U829 | AA23: Mina Hosseini | AB23: U860 | AC23: 2024-05-21 | AD23: 2024-05-21 01:00:00 | AE23: 2024-05-21 23:00:00 | AF23: 2024-05-22 15:00:00 | AG23: 2024-05-22 15:00:00 | AH23: 2024-05-26 14:00:00 | AI23: 2024-05-28 04:00:00 | AJ23: 2024-05-28 14:00:00 | AK23: 2024-05-28 14:00:00 | AM23: 2024-05-28 14:00:00 | AN23: 2024-07-16 | AO23: 0 | AR23: Resolved | AS23: 6 | AT23: 22 | AU23: 16 | AV23: 95 | AW23: 38 | AX23: [{"state": "Open", "timestamp": "2024-05-21T00:00:00"}, {"state": "Triage", "timestamp": "2024-05-21T01:00:00"}] | AY23: 4 | AZ23: 8 | BA23: 1 | BB23: 1.8988888 | BC23: 28.396879 | BD23: 18.154338 | BE23: 14.028987 | BF23: 0 | BG23: 62.479093 | BH23: 49.758901 | BK23: 23 | BL23: 76 | BM23: 95 | BN23: 583.77079 | BO23: Design | BP23: By Design | BS23: FALSE | BU23: 3 | BV23: 0
A24: 190241 | B24: خالی بودن کمبو واحد کارشناسی در گزارش آمارتعداد پیشنهادات و مصوبات صادره | C24: تکمیل توضیحات: خالی بودن کمبو واحد کارشناسی در گزارش آمارتعداد پی... | D24: High | E24: P2 | F24: Triage | G24: Data | H24: FALSE | I24: FALSE | J24: PRJ-001 | K24: Dem System | L24: Team Delta | M24: T04 | N24: M09 | O24: Dem\DemBiz\SP_88 | P24: Sprint 26 | Q24: S26 | R24: Data;High | T24: کامنت 5 مورد | U24: Ali Rezaei | V24: U374 | W24: Zahra Ebrahimi | X24: U002 | AC24: 2024-06-13 | AD24: 2024-06-13 22:00:00 | AM24: 2024-06-13 22:00:00 | AN24: 2024-06-27 | AO24: 0 | AR24: Open | AS24: 2 | AX24: [{"state": "Open", "timestamp": "2024-06-13T00:00:00"}, {"state": "Triage", "timestamp": "2024-06-13T22:00:00"}] | AY24: 3 | AZ24: 4 | BA24: 1 | BB24: 0.80581356 | BC24: 15.020155 | BD24: 4.3179271 | BE24: 4.3539376 | BF24: 0 | BG24: 24.497833 | BH24: 19.890776 | BL24: 0 | BM24: 0 | BN24: 560.77079 | BR24: TC-7201 | BS24: FALSE | BU24: 0 | BV24: 0
A25: 190242 | B25: خالی بودن کمبو در گزارش آماری تسهیلات به تفکیک نوع عقود | C25: تکمیل توضیحات: خالی بودن کمبو در گزارش آماری تسهیلات به تفکیک نوع... | D25: Medium | E25: P1 | F25: In Progress | G25: UI | H25: FALSE | I25: FALSE | J25: PRJ-001 | K25: Dem System | L25: Team Delta | M25: T04 | N25: M09 | O25: Dem\DemBiz\SP_88 | P25: Sprint 24 | Q25: S24 | R25: UI;Medium | S25: EXT-190242 | T25: کامنت 2 مورد | U25: Hassan Karimi | V25: U829 | W25: Sara Ahmadi | X25: U091 | AC25: 2024-03-16 | AD25: 2024-03-17 04:00:00 | AE25: 2024-03-17 10:00:00 | AF25: 2024-03-19 22:00:00 | AG25: 2024-03-19 22:00:00 | AM25: 2024-03-19 22:00:00 | AN25: 2024-03-23 | AO25: 0 | AR25: Active | AS25: 6 | AT25: 6 | AU25: 60 | AX25: [{"state": "Open", "timestamp": "2024-03-16T00:00:00"}, {"state": "Triage", "timestamp": "2024-03-17T04:00:00"}] | AY25: 0 | AZ25: 7 | BA25: 1 | BB25: 4.9316971 | BC25: 12.450082 | BD25: 1.8525454 | BE25: 15.448338 | BF25: 0 | BG25: 34.682662 | BH25: 30.210579 | BK25: 34 | BL25: 66 | BM25: 0 | BN25: 649.77079 | BR25: TC-5803 | BS25: FALSE | BU25: 0 | BV25: 0
A26: 190243 | B26: خالی بودن کمبو در گزارش تعدادپرونده های وارده کارشناسان اداره کل اعتبارات | C26: تکمیل توضیحات: خالی بودن کمبو در گزارش تعدادپرونده های وارده کارش... | D26: Medium | E26: P1 | F26: In Progress | G26: Backend | H26: FALSE | I26: FALSE | J26: PRJ-001 | K26: Dem System | L26: Team Delta | M26: T04 | N26: M09 | O26: Dem\DemBiz\SP_88 | P26: Sprint 23 | Q26: S23 | R26: Backend;Medium | T26: کامنت 5 مورد | U26: Zahra Ebrahimi | V26: U002 | W26: Sara Ahmadi | X26: U091 | AC26: 2024-03-08 | AD26: 2024-03-09 09:00:00 | AE26: 2024-03-09 15:00:00 | AF26: 2024-03-12 09:00:00 | AG26: 2024-03-12 09:00:00 | AM26: 2024-03-12 09:00:00 | AN26: 2024-03-21 | AO26: 0 | AR26: Active | AS26: 6 | AT26: 6 | AU26: 66 | AX26: [{"state": "Open", "timestamp": "2024-03-08T00:00:00"}, {"state": "Triage", "timestamp": "2024-03-09T09:00:00"}] | AY26: 0 | AZ26: 8 | BA26: 1 | BB26: 5.5817327 | BC26: 32.565085 | BD26: 2.465171 | BE26: 1.1823171 | BF26: 0 | BG26: 41.794306 | BH26: 33.603632 | BK26: 39 | BL26: 72 | BM26: 0 | BN26: 657.77079 | BS26: FALSE | BU26: 0 | BV26: 0
A27: 190244 | B27: وجود ردیف خالی در کمبو نام مشتری در گزارش خلاصه پرونده | C27: تکمیل توضیحات: وجود ردیف خالی در کمبو نام مشتری در گزارش خلاصه پر... | D27: Low | E27: P2 | F27: In Progress | G27: Backend | H27: FALSE | I27: TRUE | J27: PRJ-001 | K27: Dem System | L27: Team Alpha | M27: T01 | N27: M09 | O27: Dem\DemBiz\SP_88 | P27: Sprint 23 | Q27: S23 | R27: Backend;Low | T27: کامنت 4 مورد | U27: Mina Hosseini | V27: U860 | W27: Hassan Karimi | X27: U829 | AC27: 2024-06-09 | AD27: 2024-06-09 20:00:00 | AE27: 2024-06-10 17:00:00 | AF27: 2024-06-13 11:00:00 | AG27: 2024-06-13 11:00:00 | AM27: 2024-06-13 11:00:00 | AN27: 2024-07-24 | AO27: 0 | AR27: Active | AS27: 4 | AT27: 21 | AU27: 66 | AX27: [{"state": "Open", "timestamp": "2024-06-09T00:00:00"}, {"state": "Triage", "timestamp": "2024-06-09T20:00:00"}] | AY27: 2 | AZ27: 6 | BA27: 1 | BB27: 0.62440872 | BC27: 32.594422 | BD27: 0.8553256 | BE27: 15.548182 | BF27: 0 | BG27: 49.622339 | BH27: 61.435396 | BK27: 41 | BL27: 87 | BM27: 0 | BN27: 564.77079 | BS27: FALSE | BU27: 0 | BV27: 0
A28: 190245 | B28: خالی بودن کمبو درگزارش درخواست های وارده مصوبات صادره | C28: تکمیل توضیحات: خالی بودن کمبو درگزارش درخواست های وارده مصوبات صا... | D28: High | E28: P3 | F28: Closed | G28: UI | H28: FALSE | I28: FALSE | J28: PRJ-001 | K28: Dem System | L28: Team Beta | M28: T02 | N28: M09 | O28: Dem\DemBiz\SP_88 | P28: Sprint 24 | Q28: S24 | R28: UI;High | S28: EXT-190245 | T28: کامنت 4 مورد | U28: Mina Hosseini | V28: U860 | W28: Reza Mohammadi | X28: U493 | Y28: Sara Ahmadi | Z28: U091 | AA28: Sara Ahmadi | AB28: U091 | AC28: 2024-02-20 | AD28: 2024-02-20 10:00:00 | AE28: 2024-02-20 22:00:00 | AF28: 2024-02-21 20:00:00 | AG28: 2024-02-21 20:00:00 | AH28: 2024-02-25 01:00:00 | AI28: 2024-02-26 14:00:00 | AJ28: 2024-02-26 16:00:00 | AK28: 2024-02-26 22:00:00 | AL28: 2024-02-28 06:00:00 | AM28: 2024-02-28 06:00:00 | AN28: 2024-02-28 | AO28: 0 | AR28: Done | AS28: 8 | AT28: 12 | AU28: 22 | AV28: 77 | AW28: 37 | AX28: [{"state": "Open", "timestamp": "2024-02-20T00:00:00"}, {"state": "Triage", "timestamp": "2024-02-20T10:00:00"}] | AY28: 2 | AZ28: 8 | BA28: 1 | BB28: 4.3406979 | BC28: 34.81582 | BD28: 2.3416377 | BE28: 1.6473987 | BF28: 0 | BG28: 43.145555 | BH28: 32.278926 | BI28: 198 | BJ28: 154 | BK28: 22 | BL28: 71 | BM28: 77 | BN28: 674.77079 | BO28: Data | BP28: Won't Fix | BQ28: Completed | BS28: FALSE | BU28: 1 | BV28: 1
A29: 190246 | B29: خالی بودن کمبو درگزارش مهلت ثبت مصوبه | C29: تکمیل توضیحات: خالی بودن کمبو درگزارش مهلت ثبت مصوبه... | D29: Medium | E29: P3 | F29: Ready for Retest | G29: Backend | H29: FALSE | I29: FALSE | J29: PRJ-001 | K29: Dem System | L29: Team Beta | M29: T02 | N29: M09 | O29: Dem\DemBiz\SP_88 | P29: Sprint 26 | Q29: S26 | R29: Backend;Medium | S29: EXT-190246 | T29: کامنت 1 مورد | U29: Sara Ahmadi | V29: U091 | W29: Sara Ahmadi | X29: U091 | AC29: 2024-04-02 | AD29: 2024-04-02 20:00:00 | AE29: 2024-04-03 04:00:00 | AF29: 2024-04-03 13:00:00 | AG29: 2024-04-03 13:00:00 | AH29: 2024-04-05 03:00:00 | AM29: 2024-04-05 03:00:00 | AN29: 2024-05-15 | AO29: 0 | AR29: In Progress | AS29: 5 | AT29: 8 | AU29: 9 | AV29: 38 | AX29: [{"state": "Open", "timestamp": "2024-04-02T00:00:00"}, {"state": "Triage", "timestamp": "2024-04-02T20:00:00"}] | AY29: 1 | AZ29: 7 | BA29: 1 | BB29: 2.1987183 | BC29: 36.616382 | BD29: 13.818632 | BE29: 14.367147 | BF29: 0 | BG29: 67.000879 | BH29: 67.986249 | BK29: 28 | BL29: 17 | BM29: 38 | BN29: 632.77079 | BR29: TC-2139 | BS29: FALSE | BU29: 0 | BV29: 0
A30: 190248 | B30: خالی بودن کمبو در گزارش مدت زمان توقف کارپرونده وارده به اداره کل اعتبارات | C30: تکمیل توضیحات: خالی بودن کمبو در گزارش مدت زمان توقف کارپرونده وا... | D30: Medium | E30: P0 | F30: Closed | G30: Integration | H30: FALSE | I30: FALSE | J30: PRJ-001 | K30: Dem System | L30: Team Alpha | M30: T01 | N30: M09 | O30: Dem\DemBiz\SP_88 | P30: Sprint 23 | Q30: S23 | R30: Integration;Medium | T30: کامنت 1 مورد | U30: Zahra Ebrahimi | V30: U002 | W30: Ali Rezaei | X30: U374 | Y30: Zahra Ebrahimi | Z30: U002 | AA30: Hassan Karimi | AB30: U829 | AC30: 2024-01-21 | AD30: 2024-01-21 06:00:00 | AE30: 2024-01-22 06:00:00 | AF30: 2024-01-24 22:00:00 | AG30: 2024-01-24 22:00:00 | AH30: 2024-01-29 14:00:00 | AI30: 2024-01-29 22:00:00 | AJ30: 2024-01-30 17:00:00 | AK30: 2024-01-30 20:00:00 | AL30: 2024-01-31 05:00:00 | AM30: 2024-01-31 05:00:00 | AN30: 2024-03-10 | AO30: 3 | AP30: 2024-02-09 05:00:00 | AQ30: 2024-02-10 05:00:00 | AR30: Done | AS30: 10 | AT30: 24 | AU30: 64 | AV30: 112 | AW30: 8 | AX30: [{"state": "Open", "timestamp": "2024-01-21T00:00:00"}, {"state": "Triage", "timestamp": "2024-01-21T06:00:00"}] | AY30: 3 | AZ30: 12 | BA30: 4 | BB30: 5.3387959 | BC30: 20.942354 | BD30: 1.8881786 | BE30: 8.9155166 | BF30: 25.870911 | BG30: 62.955756 | BH30: 59.571135 | BI30: 245 | BJ30: 151 | BK30: 30 | BL30: 96 | BM30: 112 | BN30: 704.77079 | BO30: Integration | BP30: Fixed | BQ30: Completed | BR30: TC-4733 | BS30: FALSE | BU30: 1 | BV30: 0
A31: 190250 | B31: حذف مشتری های خراب ، از کمبو مشتری در گزارشات | C31: تکمیل توضیحات: حذف مشتری های خراب ، از کمبو مشتری در گزارشات... | D31: Critical | E31: P2 | F31: Done | G31: Integration | H31: FALSE | I31: TRUE | J31: PRJ-001 | K31: Dem System | L31: Team Beta | M31: T02 | N31: M09 | O31: Dem\DemBiz\SP_88 | P31: Sprint 23 | Q31: S23 | R31: Integration;Critical | T31: کامنت 2 مورد | U31: Hassan Karimi | V31: U829 | W31: Zahra Ebrahimi | X31: U002 | Y31: Mina Hosseini | Z31: U860 | AA31: Ali Rezaei | AB31: U374 | AC31: 2024-03-08 | AD31: 2024-03-09 10:00:00 | AE31: 2024-03-10 06:00:00 | AF31: 2024-03-12 14:00:00 | AG31: 2024-03-12 14:00:00 | AH31: 2024-03-14 01:00:00 | AI31: 2024-03-15 15:00:00 | AJ31: 2024-03-16 15:00:00 | AK31: 2024-03-16 15:00:00 | AM31: 2024-03-16 15:00:00 | AN31: 2024-03-27 | AO31: 0 | AR31: Resolved | AS31: 9 | AT31: 20 | AU31: 56 | AV31: 35 | AW31: 38 | AX31: [{"state": "Open", "timestamp": "2024-03-08T00:00:00"}, {"state": "Triage", "timestamp": "2024-03-09T10:00:00"}] | AY31: 3 | AZ31: 10 | BA31: 1 | BB31: 1.8077482 | BC31: 20.559135 | BD31: 6.7200248 | BE31: 15.894472 | BF31: 0 | BG31: 44.98138 | BH31: 58.000214 | BK31: 54 | BL31: 114 | BM31: 35 | BN31: 657.77079 | BO31: Config | BP31: Fixed | BS31: FALSE | BU31: 1 | BV31: 1
A32: 190337 | B32: با ثبت بازه زمانی یکساله در گزارشات ، باز پیغام بازه یکساله می دهد | C32: تکمیل توضیحات: با ثبت بازه زمانی یکساله در گزارشات ، باز پیغام با... | D32: Medium | E32: P2 | F32: Closed | G32: UI | H32: FALSE | I32: FALSE | J32: PRJ-001 | K32: Dem System | L32: Team Alpha | M32: T01 | N32: M09 | O32: Dem\DemBiz\SP_88 | P32: Sprint 27 | Q32: S27 | R32: UI;Medium | T32: کامنت 1 مورد | U32: Fateme Akbari | V32: U511 | W32: Zahra Ebrahimi | X32: U002 | Y32: Zahra Ebrahimi | Z32: U002 | AA32: Mohammad Safari | AB32: U093 | AC32: 2024-03-20 | AD32: 2024-03-21 02:00:00 | AE32: 2024-03-22 00:00:00 | AF32: 2024-03-24 01:00:00 | AG32: 2024-03-24 01:00:00 | AH32: 2024-03-26 17:00:00 | AI32: 2024-03-28 06:00:00 | AJ32: 2024-03-28 22:00:00 | AK32: 2024-03-29 00:00:00 | AL32: 2024-03-29 16:00:00 | AM32: 2024-03-29 16:00:00 | AN32: 2024-04-10 | AO32: 0 | AR32: Done | AS32: 7 | AT32: 22 | AU32: 49 | AV32: 64 | AW32: 37 | AX32: [{"state": "Open", "timestamp": "2024-03-20T00:00:00"}, {"state": "Triage", "timestamp": "2024-03-21T02:00:00"}] | AY32: 2 | AZ32: 8 | BA32: 1 | BB32: 5.682033 | BC32: 32.133512 | BD32: 16.975069 | BE32: 2.1069485 | BF32: 0 | BG32: 56.897562 | BH32: 43.653138 | BI32: 232 | BJ32: 135 | BK32: 48 | BL32: 108 | BM32: 64 | BN32: 645.77079 | BO32: Data | BP32: Won't Fix | BQ32: Completed | BS32: FALSE | BU32: 3 | BV32: 1
A33: 190341 | B33: گزارش صورتهای مالی پایان دوره مشتری ، خالی نمایش داده می شود | C33: تکمیل توضیحات: گزارش صورتهای مالی پایان دوره مشتری ، خالی نمایش د... | D33: High | E33: P1 | F33: Resolved | G33: Data | H33: FALSE | I33: FALSE | J33: PRJ-001 | K33: Dem System | L33: Team Beta | M33: T02 | N33: M09 | O33: Dem\DemBiz\SP_88 | P33: Sprint 26 | Q33: S26 | R33: Data;High | T33: کامنت 4 مورد | U33: Reza Mohammadi | V33: U493 | W33: Hassan Karimi | X33: U829 | Y33: Mohammad Safari | Z33: U093 | AA33: Ali Rezaei | AB33: U374 | AC33: 2024-03-27 | AD33: 2024-03-27 02:00:00 | AE33: 2024-03-27 21:00:00 | AF33: 2024-03-30 21:00:00 | AG33: 2024-03-30 21:00:00 | AH33: 2024-04-01 10:00:00 | AI33: 2024-04-03 03:00:00 | AM33: 2024-04-03 03:00:00 | AN33: 2024-04-17 | AO33: 0 | AR33: Ready for Retest | AS33: 5 | AT33: 19 | AU33: 72 | AV33: 37 | AW33: 41 | AX33: [{"state": "Open", "timestamp": "2024-03-27T00:00:00"}, {"state": "Triage", "timestamp": "2024-03-27T02:00:00"}] | AY33: 3 | AZ33: 5 | BA33: 1 | BB33: 3.4005151 | BC33: 26.348593 | BD33: 0.95380275 | BE33: 9.3078143 | BF33: 0 | BG33: 40.010725 | BH33: 37.558602 | BK33: 21 | BL33: 132 | BM33: 37 | BN33: 638.77079 | BO33: Testing | BP33: Fixed | BS33: FALSE | BU33: 0 | BV33: 0
A34: 190576 | B34: گزینه های مطالبات از کمبو مروبطه حذف گردد | C34: تکمیل توضیحات: گزینه های مطالبات از کمبو مروبطه حذف گردد... | D34: Critical | E34: P1 | F34: Done | G34: Data | H34: TRUE | I34: FALSE | J34: PRJ-001 | K34: Dem System | L34: Team Gamma | M34: T03 | N34: M09 | O34: Dem\DemBiz\SP_88 | P34: Sprint 23 | Q34: S23 | R34: Data;Critical | T34: کامنت 4 مورد | U34: Ali Rezaei | V34: U374 | W34: Mohammad Safari | X34: U093 | Y34: Ali Rezaei | Z34: U374 | AA34: Mina Hosseini | AB34: U860 | AC34: 2024-01-02 | AD34: 2024-01-02 05:00:00 | AE34: 2024-01-03 04:00:00 | AF34: 2024-01-03 13:00:00 | AG34: 2024-01-03 13:00:00 | AH34: 2024-01-05 02:00:00 | AI34: 2024-01-05 10:00:00 | AJ34: 2024-01-05 13:00:00 | AK34: 2024-01-05 13:00:00 | AM34: 2024-01-05 13:00:00 | AN34: 2024-01-30 | AO34: 0 | AR34: Resolved | AS34: 9 | AT34: 23 | AU34: 9 | AV34: 37 | AW34: 8 | AX34: [{"state": "Open", "timestamp": "2024-01-02T00:00:00"}, {"state": "Triage", "timestamp": "2024-01-02T05:00:00"}] | AY34: 3 | AZ34: 11 | BA34: 1 | BB34: 7.5254749 | BC34: 28.376708 | BD34: 16.382135 | BE34: 15.539538 | BF34: 0 | BG34: 67.823857 | BH34: 86.928634 | BK34: 28 | BL34: 40 | BM34: 37 | BN34: 723.77079 | BO34: Integration | BP34: Fixed | BS34: FALSE | BU34: 3 | BV34: 0
A35: 190586 | B35: کمبو اقدام کننده در فرم انتخاب کارشناس | C35: تکمیل توضیحات: کمبو اقدام کننده در فرم انتخاب کارشناس... | D35: Low | E35: P2 | F35: Resolved | G35: UI | H35: FALSE | I35: FALSE | J35: PRJ-001 | K35: Dem System | L35: Team Gamma | M35: T03 | N35: M09 | O35: Dem\DemBiz\SP_88 | P35: Sprint 26 | Q35: S26 | R35: UI;Low | T35: کامنت 0 مورد | U35: Sara Ahmadi | V35: U091 | W35: Mohammad Safari | X35: U093 | Y35: Ali Rezaei | Z35: U374 | AA35: Ali Rezaei | AB35: U374 | AC35: 2024-01-19 | AD35: 2024-01-20 09:00:00 | AE35: 2024-01-20 17:00:00 | AF35: 2024-01-22 06:00:00 | AG35: 2024-01-22 06:00:00 | AH35: 2024-01-26 03:00:00 | AI35: 2024-01-27 14:00:00 | AM35: 2024-01-27 14:00:00 | AN35: 2024-02-08 | AO35: 0 | AR35: Ready for Retest | AS35: 6 | AT35: 8 | AU35: 37 | AV35: 93 | AW35: 35 | AX35: [{"state": "Open", "timestamp": "2024-01-19T00:00:00"}, {"state": "Triage", "timestamp": "2024-01-20T09:00:00"}] | AY35: 0 | AZ35: 8 | BA35: 1 | BB35: 1.5314071 | BC35: 32.035914 | BD35: 5.9961681 | BE35: 8.8464677 | BF35: 0 | BG35: 48.409957 | BH35: 59.026467 | BK35: 41 | BL35: 80 | BM35: 93 | BN35: 706.77079 | BO35: Design | BP35: Fixed | BR35: TC-8428 | BS35: FALSE | BU35: 0 | BV35: 1
A36: 190788 | B36: باگ های ویرایش عقود به جز حد و سقف و مشارکتی | C36: تکمیل توضیحات: باگ های ویرایش عقود به جز حد و سقف و مشارکتی... | D36: Low | E36: P3 | F36: Active | G36: Data | H36: FALSE | I36: FALSE | J36: PRJ-001 | K36: Dem System | L36: Team Delta | M36: T04 | N36: M09 | O36: Dem\DemBiz\SP_88 | P36: Sprint 24 | Q36: S24 | R36: Data;Low | T36: کامنت 4 مورد | U36: Mina Hosseini | V36: U860 | W36: Mina Hosseini | X36: U860 | AC36: 2024-05-18 | AD36: 2024-05-18 09:00:00 | AE36: 2024-05-19 09:00:00 | AM36: 2024-05-19 09:00:00 | AN36: 2024-06-30 | AO36: 0 | AR36: Triage | AS36: 3 | AT36: 24 | AX36: [{"state": "Open", "timestamp": "2024-05-18T00:00:00"}, {"state": "Triage", "timestamp": "2024-05-18T09:00:00"}] | AY36: 2 | AZ36: 5 | BA36: 1 | BB36: 3.0579976 | BC36: 35.710208 | BD36: 2.8042141 | BE36: 10.44098 | BF36: 0 | BG36: 52.0134 | BH36: 61.908597 | BK36: 33 | BL36: 24 | BM36: 0 | BN36: 586.77079 | BS36: FALSE | BU36: 0 | BV36: 0
A37: 190916 | B37: دکمه تایید و ادامه در فرم ورود اطلاعات پیشنهاد شعبه پیغام خطا می دهد | C37: تکمیل توضیحات: دکمه تایید و ادامه در فرم ورود اطلاعات پیشنهاد شعب... | D37: Low | E37: P2 | F37: Closed | G37: Data | H37: FALSE | I37: FALSE | J37: PRJ-001 | K37: Dem System | L37: Team Gamma | M37: T03 | N37: M09 | O37: Dem\DemBiz\SP_88 | P37: Sprint 25 | Q37: S25 | R37: Data;Low | T37: کامنت 2 مورد | U37: Reza Mohammadi | V37: U493 | W37: Hassan Karimi | X37: U829 | Y37: Mohammad Safari | Z37: U093 | AA37: Ali Rezaei | AB37: U374 | AC37: 2024-05-27 | AD37: 2024-05-28 07:00:00 | AE37: 2024-05-28 15:00:00 | AF37: 2024-05-31 05:00:00 | AG37: 2024-05-31 05:00:00 | AH37: 2024-06-04 20:00:00 | AI37: 2024-06-06 02:00:00 | AJ37: 2024-06-06 10:00:00 | AK37: 2024-06-06 12:00:00 | AL37: 2024-06-06 19:00:00 | AM37: 2024-06-06 19:00:00 | AN37: 2024-07-15 | AO37: 3 | AP37: 2024-06-12 19:00:00 | AQ37: 2024-06-15 19:00:00 | AR37: Done | AS37: 7 | AT37: 8 | AU37: 62 | AV37: 111 | AW37: 30 | AX37: [{"state": "Open", "timestamp": "2024-05-27T00:00:00"}, {"state": "Triage", "timestamp": "2024-05-28T07:00:00"}] | AY37: 4 | AZ37: 7 | BA37: 4 | BB37: 1.3510514 | BC37: 14.181811 | BD37: 14.086375 | BE37: 11.43623 | BF37: 29.400977 | BG37: 70.456445 | BH37: 60.222061 | BI37: 259 | BJ37: 158 | BK37: 39 | BL37: 100 | BM37: 111 | BN37: 577.77079 | BO37: Design | BP37: Fixed | BQ37: Cannot Reproduce | BR37: TC-7065 | BS37: FALSE | BU37: 1 | BV37: 2
A38: 145770 | B38: فرم تکمیل اطلاعات/تب نظریه کارشناسی/فیلد پرونده های الکترونیک | C38: تکمیل توضیحات: فرم تکمیل اطلاعات/تب نظریه کارشناسی/فیلد پرونده ها... | D38: High | E38: P2 | F38: In Progress | G38: Integration | H38: FALSE | I38: FALSE | J38: PRJ-001 | K38: Dem System | L38: Team Gamma | M38: T03 | N38: M09 | O38: Dem\DemBiz\SP_88 | P38: Sprint 23 | Q38: S23 | R38: Integration;High | T38: کامنت 3 مورد | U38: Reza Mohammadi | V38: U493 | W38: Fateme Akbari | X38: U511 | AC38: 2024-04-15 | AD38: 2024-04-16 06:00:00 | AE38: 2024-04-17 06:00:00 | AF38: 2024-04-17 14:00:00 | AG38: 2024-04-17 14:00:00 | AM38: 2024-04-17 14:00:00 | AN38: 2024-06-04 | AO38: 0 | AR38: Active | AS38: 6 | AT38: 24 | AU38: 8 | AX38: [{"state": "Open", "timestamp": "2024-04-15T00:00:00"}, {"state": "Triage", "timestamp": "2024-04-16T06:00:00"}] | AY38: 2 | AZ38: 6 | BA38: 1 | BB38: 7.4352021 | BC38: 15.647735 | BD38: 12.764386 | BE38: 7.818116 | BF38: 0 | BG38: 43.665439 | BH38: 35.042936 | BK38: 54 | BL38: 32 | BM38: 0 | BN38: 619.77079 | BR38: TC-5374 | BS38: FALSE | BU38: 0 | BV38: 0
A39: 194846 | B39: رفع باگ / بررسی کاستومر هایی که فیلد Updatefw = 225135 | C39: تکمیل توضیحات: رفع باگ / بررسی کاستومر هایی که فیلد Updatefw = 22... | D39: Critical | E39: P3 | F39: Open | G39: Data | H39: FALSE | I39: TRUE | J39: PRJ-001 | K39: Dem System | L39: Team Gamma | M39: T03 | N39: M09 | O39: Dem\DemBiz\SP_88 | P39: Sprint 27 | Q39: S27 | R39: Data;Critical | T39: کامنت 0 مورد | U39: Ali Rezaei | V39: U374 | W39: Mina Hosseini | X39: U860 | AC39: 2024-06-16 | AM39: 2024-06-16 00:00:00 | AN39: 2024-08-03 | AO39: 0 | AS39: 1 | AX39: [{"state": "Open", "timestamp": "2024-06-16T00:00:00"}, {"state": "Triage", "timestamp": ""}] | AY39: 4 | AZ39: 2 | BA39: 1 | BB39: 7.0800452 | BC39: 4.6652957 | BD39: 17.610704 | BE39: 10.413371 | BF39: 0 | BG39: 39.769416 | BH39: 43.793522 | BL39: 0 | BM39: 0 | BN39: 557.77079 | BS39: FALSE | BU39: 0 | BV39: 0
A40: 190892 | B40: حد و سقف اعتباری مشارکت مدنی ویژه >کمبو از تاریخ صدور/تصویب> اجباریه ولی ستاره نداره | C40: تکمیل توضیحات: حد و سقف اعتباری مشارکت مدنی ویژه >کمبو از تاریخ ص... | D40: Medium | E40: P2 | F40: Done | G40: Performance | H40: FALSE | I40: FALSE | J40: PRJ-001 | K40: Dem System | L40: Team Alpha | M40: T01 | N40: M09 | O40: Dem\DemBiz\SP_88 | P40: Sprint 24 | Q40: S24 | R40: Performance;Medium | T40: کامنت 0 مورد | U40: Fateme Akbari | V40: U511 | W40: Fateme Akbari | X40: U511 | Y40: Zahra Ebrahimi | Z40: U002 | AA40: Mina Hosseini | AB40: U860 | AC40: 2024-01-26 | AD40: 2024-01-26 04:00:00 | AE40: 2024-01-26 17:00:00 | AF40: 2024-01-28 14:00:00 | AG40: 2024-01-28 14:00:00 | AH40: 2024-02-02 04:00:00 | AI40: 2024-02-02 14:00:00 | AJ40: 2024-02-02 23:00:00 | AK40: 2024-02-02 23:00:00 | AM40: 2024-02-02 23:00:00 | AN40: 2024-02-14 | AO40: 0 | AR40: Resolved | AS40: 6 | AT40: 13 | AU40: 45 | AV40: 110 | AW40: 10 | AX40: [{"state": "Open", "timestamp": "2024-01-26T00:00:00"}, {"state": "Triage", "timestamp": "2024-01-26T04:00:00"}] | AY40: 0 | AZ40: 6 | BA40: 1 | BB40: 2.4345622 | BC40: 23.552925 | BD40: 14.833885 | BE40: 9.7647147 | BF40: 0 | BG40: 50.586088 | BH40: 63.618359 | BK40: 17 | BL40: 68 | BM40: 110 | BN40: 699.77079 | BO40: Testing | BP40: Duplicate | BS40: TRUE | BT40: 192406 | BU40: 1 | BV40: 0
A41: 192568 | B41: دکمه تایید و ارجاع مدیریت شعب در فرم بررسی علت برگشت به مدیریت شعب پیغام خطا می دهد | C41: تکمیل توضیحات: دکمه تایید و ارجاع مدیریت شعب در فرم بررسی علت برگ... | D41: Medium | E41: P3 | F41: Active | G41: Security | H41: TRUE | I41: FALSE | J41: PRJ-001 | K41: Dem System | L41: Team Gamma | M41: T03 | N41: M09 | O41: Dem\DemBiz\SP_88 | P41: Sprint 26 | Q41: S26 | R41: Security;Medium | T41: کامنت 2 مورد | U41: Fateme Akbari | V41: U511 | W41: Mohammad Safari | X41: U093 | AC41: 2024-02-18 | AD41: 2024-02-19 11:00:00 | AE41: 2024-02-20 02:00:00 | AM41: 2024-02-20 02:00:00 | AN41: 2024-03-04 | AO41: 0 | AR41: Triage | AS41: 4 | AT41: 15 | AX41: [{"state": "Open", "timestamp": "2024-02-18T00:00:00"}, {"state": "Triage", "timestamp": "2024-02-19T11:00:00"}] | AY41: 1 | AZ41: 6 | BA41: 1 | BB41: 5.4498803 | BC41: 2.4017487 | BD41: 16.167878 | BE41: 14.51737 | BF41: 0 | BG41: 38.536877 | BH41: 39.849356 | BK41: 50 | BL41: 15 | BM41: 0 | BN41: 676.77079 | BR41: TC-3803 | BS41: FALSE | BU41: 0 | BV41: 0
A42: 192406 | B42: تاریخچه کمیته اعتباری منطقه ، تغییرات پرونده را تکراری نمایش می دهد | C42: تکمیل توضیحات: تاریخچه کمیته اعتباری منطقه ، تغییرات پرونده را تک... | D42: High | E42: P3 | F42: Closed | G42: Backend | H42: FALSE | I42: FALSE | J42: PRJ-001 | K42: Dem System | L42: Team Gamma | M42: T03 | N42: M09 | O42: Dem\DemBiz\SP_88 | P42: Sprint 24 | Q42: S24 | R42: Backend;High | T42: کامنت 2 مورد | U42: Zahra Ebrahimi | V42: U002 | W42: Hassan Karimi | X42: U829 | Y42: Mohammad Safari | Z42: U093 | AA42: Zahra Ebrahimi | AB42: U002 | AC42: 2024-04-18 | AD42: 2024-04-18 12:00:00 | AE42: 2024-04-18 21:00:00 | AF42: 2024-04-21 10:00:00 | AG42: 2024-04-21 10:00:00 | AH42: 2024-04-23 01:00:00 | AI42: 2024-04-23 09:00:00 | AJ42: 2024-04-24 01:00:00 | AK42: 2024-04-24 03:00:00 | AL42: 2024-04-24 07:00:00 | AM42: 2024-04-24 07:00:00 | AN42: 2024-06-05 | AO42: 0 | AR42: Done | AS42: 9 | AT42: 9 | AU42: 61 | AV42: 39 | AW42: 8 | AX42: [{"state": "Open", "timestamp": "2024-04-18T00:00:00"}, {"state": "Triage", "timestamp": "2024-04-18T12:00:00"}] | AY42: 3 | AZ42: 11 | BA42: 1 | BB42: 6.6291665 | BC42: 19.158323 | BD42: 5.9996742 | BE42: 1.6816957 | BF42: 0 | BG42: 33.468859 | BH42: 34.906936 | BI42: 151 | BJ42: 69 | BK42: 21 | BL42: 78 | BM42: 39 | BN42: 616.77079 | BO42: Testing | BP42: By Design | BQ42: Completed | BR42: TC-5010 | BS42: FALSE | BU42: 1 | BV42: 0
A43: 191499 | B43: وجود ردیف خالی در کمبو شرکت مادر در فرم ویرایش | C43: تکمیل توضیحات: وجود ردیف خالی در کمبو شرکت مادر در فرم ویرایش... | D43: Medium | E43: P2 | F43: Closed | G43: Performance | H43: TRUE | I43: FALSE | J43: PRJ-001 | K43: Dem System | L43: Team Delta | M43: T04 | N43: M09 | O43: Dem\DemBiz\SP_88 | P43: Sprint 23 | Q43: S23 | R43: Performance;Medium | S43: EXT-191499 | T43: کامنت 1 مورد | U43: Mina Hosseini | V43: U860 | W43: Fateme Akbari | X43: U511 | Y43: Reza Mohammadi | Z43: U493 | AA43: Zahra Ebrahimi | AB43: U002 | AC43: 2024-01-24 | AD43: 2024-01-24 16:00:00 | AE43: 2024-01-24 22:00:00 | AF43: 2024-01-27 04:00:00 | AG43: 2024-01-27 04:00:00 | AH43: 2024-01-30 02:00:00 | AI43: 2024-01-31 12:00:00 | AJ43: 2024-01-31 20:00:00 | AK43: 2024-02-01 03:00:00 | AL43: 2024-02-01 07:00:00 | AM43: 2024-02-01 07:00:00 | AN43: 2024-02-10 | AO43: 3 | AP43: 2024-02-02 07:00:00 | AQ43: 2024-02-05 07:00:00 | AR43: Done | AS43: 9 | AT43: 6 | AU43: 54 | AV43: 70 | AW43: 34 | AX43: [{"state": "Open", "timestamp": "2024-01-24T00:00:00"}, {"state": "Triage", "timestamp": "2024-01-24T16:00:00"}] | AY43: 0 | AZ43: 9 | BA43: 4 | BB43: 4.6640061 | BC43: 22.163141 | BD43: 3.9600711 | BE43: 5.2144478 | BF43: 3.8663917 | BG43: 39.868057 | BH43: 34.604974 | BI43: 199 | BJ43: 123 | BK43: 22 | BL43: 94 | BM43: 70 | BN43: 701.77079 | BO43: Config | BP43: Fixed | BQ43: Completed | BR43: TC-7216 | BS43: FALSE | BU43: 1 | BV43: 2
A44: 192322 | B44: داپلیکیت شدن سند در یوزر صندوق | C44: تکمیل توضیحات: داپلیکیت شدن سند در یوزر صندوق... | D44: Critical | E44: P2 | F44: Closed | G44: Data | H44: FALSE | I44: FALSE | J44: PRJ-001 | K44: Dem System | L44: Team Gamma | M44: T03 | N44: M09 | O44: Dem\DemBiz\SP_88 | P44: Sprint 26 | Q44: S26 | R44: Data;Critical | S44: EXT-192322 | T44: کامنت 0 مورد | U44: Fateme Akbari | V44: U511 | W44: Hassan Karimi | X44: U829 | Y44: Fateme Akbari | Z44: U511 | AA44: Mina Hosseini | AB44: U860 | AC44: 2024-03-08 | AD44: 2024-03-09 06:00:00 | AE44: 2024-03-09 16:00:00 | AF44: 2024-03-12 00:00:00 | AG44: 2024-03-12 00:00:00 | AH44: 2024-03-16 01:00:00 | AI44: 2024-03-17 16:00:00 | AJ44: 2024-03-18 15:00:00 | AK44: 2024-03-18 23:00:00 | AL44: 2024-03-19 09:00:00 | AM44: 2024-03-19 09:00:00 | AN44: 2024-03-27 | AO44: 2 | AP44: 2024-03-23 09:00:00 | AQ44: 2024-03-23 09:00:00 | AR44: Done | AS44: 8 | AT44: 10 | AU44: 56 | AV44: 97 | AW44: 39 | AX44: [{"state": "Open", "timestamp": "2024-03-08T00:00:00"}, {"state": "Triage", "timestamp": "2024-03-09T06:00:00"}] | AY44: 3 | AZ44: 10 | BA44: 3 | BB44: 4.4723793 | BC44: 12.175109 | BD44: 15.136988 | BE44: 15.256172 | BF44: 2.5609168 | BG44: 49.601565 | BH44: 57.621928 | BI44: 273 | BJ44: 177 | BK44: 40 | BL44: 105 | BM44: 97 | BN44: 657.77079 | BO44: Design | BP44: Fixed | BQ44: Completed | BR44: TC-4598 | BS44: FALSE | BU44: 2 | BV44: 2
A45: 192350 | B45: بعداز حذف تعدادی سهامداراز لیست ، امکان ویرایش سهامدار موجود ، نمی باشد | C45: تکمیل توضیحات: بعداز حذف تعدادی سهامداراز لیست ، امکان ویرایش سها... | D45: Low | E45: P2 | F45: In Progress | G45: Integration | H45: FALSE | I45: FALSE | J45: PRJ-001 | K45: Dem System | L45: Team Gamma | M45: T03 | N45: M09 | O45: Dem\DemBiz\SP_88 | P45: Sprint 25 | Q45: S25 | R45: Integration;Low | S45: EXT-192350 | T45: کامنت 1 مورد | U45: Hassan Karimi | V45: U829 | W45: Hassan Karimi | X45: U829 | AC45: 2024-05-28 | AD45: 2024-05-30 00:00:00 | AE45: 2024-05-30 18:00:00 | AF45: 2024-05-31 03:00:00 | AG45: 2024-05-31 03:00:00 | AM45: 2024-05-31 03:00:00 | AN45: 2024-07-21 | AO45: 0 | AR45: Active | AS45: 6 | AT45: 18 | AU45: 9 | AX45: [{"state": "Open", "timestamp": "2024-05-28T00:00:00"}, {"state": "Triage", "timestamp": "2024-05-30T00:00:00"}] | AY45: 1 | AZ45: 8 | BA45: 1 | BB45: 2.3138922 | BC45: 24.042497 | BD45: 16.233277 | BE45: 14.353957 | BF45: 0 | BG45: 56.943624 | BH45: 46.251106 | BK45: 66 | BL45: 27 | BM45: 0 | BN45: 576.77079 | BS45: FALSE | BU45: 0 | BV45: 0
A46: 192404 | B46: عدم تغییر پراگرس بار در کمیته اعتباری منطقه | C46: تکمیل توضیحات: عدم تغییر پراگرس بار در کمیته اعتباری منطقه... | D46: High | E46: P2 | F46: Open | G46: UI | H46: FALSE | I46: FALSE | J46: PRJ-001 | K46: Dem System | L46: Team Beta | M46: T02 | N46: M09 | O46: Dem\DemBiz\SP_88 | P46: Sprint 24 | Q46: S24 | R46: UI;High | S46: EXT-192404 | T46: کامنت 4 مورد | U46: Fateme Akbari | V46: U511 | W46: Mohammad Safari | X46: U093 | AC46: 2024-03-21 | AM46: 2024-03-21 00:00:00 | AN46: 2024-03-31 | AO46: 0 | AS46: 3 | AX46: [{"state": "Open", "timestamp": "2024-03-21T00:00:00"}, {"state": "Triage", "timestamp": ""}] | AY46: 1 | AZ46: 3 | BA46: 1 | BB46: 1.1982708 | BC46: 2.1895097 | BD46: 19.81485 | BE46: 7.8348513 | BF46: 0 | BG46: 31.037482 | BH46: 27.753951 | BL46: 0 | BM46: 0 | BN46: 644.77079 | BS46: FALSE | BU46: 0 | BV46: 0
A47: 192543 | B47: بدون در نظر گرفتن مرجع تصمیم گیری در اداره کل ( صندوق شکوفایی) امضا شد | C47: تکمیل توضیحات: بدون در نظر گرفتن مرجع تصمیم گیری در اداره کل ( صن... | D47: Medium | E47: P0 | F47: Closed | G47: Data | H47: FALSE | I47: FALSE | J47: PRJ-001 | K47: Dem System | L47: Team Delta | M47: T04 | N47: M09 | O47: Dem\DemBiz\SP_88 | P47: Sprint 23 | Q47: S23 | R47: Data;Medium | S47: EXT-192543 | T47: کامنت 0 مورد | U47: Reza Mohammadi | V47: U493 | W47: Mina Hosseini | X47: U860 | Y47: Mohammad Safari | Z47: U093 | AA47: Mohammad Safari | AB47: U093 | AC47: 2024-01-13 | AD47: 2024-01-14 14:00:00 | AE47: 2024-01-15 06:00:00 | AF47: 2024-01-18 00:00:00 | AG47: 2024-01-18 00:00:00 | AH47: 2024-01-22 21:00:00 | AI47: 2024-01-24 10:00:00 | AJ47: 2024-01-24 17:00:00 | AK47: 2024-01-24 18:00:00 | AL47: 2024-01-26 03:00:00 | AM47: 2024-01-26 03:00:00 | AN47: 2024-01-25 | AO47: 1 | AP47: 2024-01-28 03:00:00 | AQ47: 2024-01-28 03:00:00 | AR47: Done | AS47: 10 | AT47: 16 | AU47: 66 | AV47: 117 | AW47: 37 | AX47: [{"state": "Open", "timestamp": "2024-01-13T00:00:00"}, {"state": "Triage", "timestamp": "2024-01-14T14:00:00"}] | AY47: 0 | AZ47: 10 | BA47: 2 | BB47: 7.2291182 | BC47: 2.4565794 | BD47: 8.5460447 | BE47: 10.301989 | BF47: 6.4087474 | BG47: 34.942479 | BH47: 33.379217 | BI47: 315 | BJ47: 195 | BK47: 54 | BL47: 119 | BM47: 117 | BN47: 712.77079 | BO47: Integration | BP47: Fixed | BQ47: Completed | BS47: FALSE | BU47: 1 | BV47: 0
A48: 192155 | B48: فراخوانی اطلاعات مشتری در فرم شناسایی مجدد مشتری ،پیغام خطا می دهد | C48: تکمیل توضیحات: فراخوانی اطلاعات مشتری در فرم شناسایی مجدد مشتری ،... | D48: High | E48: P2 | F48: Ready for Retest | G48: Integration | H48: FALSE | I48: TRUE | J48: PRJ-001 | K48: Dem System | L48: Team Delta | M48: T04 | N48: M09 | O48: Dem\DemBiz\SP_88 | P48: Sprint 27 | Q48: S27 | R48: Integration;High | S48: EXT-192155 | T48: کامنت 0 مورد | U48: Ali Rezaei | V48: U374 | W48: Mina Hosseini | X48: U860 | AC48: 2024-06-01 | AD48: 2024-06-01 05:00:00 | AE48: 2024-06-02 03:00:00 | AF48: 2024-06-03 11:00:00 | AG48: 2024-06-03 11:00:00 | AH48: 2024-06-05 22:00:00 | AM48: 2024-06-05 22:00:00 | AN48: 2024-06-15 | AO48: 0 | AR48: In Progress | AS48: 7 | AT48: 22 | AU48: 32 | AV48: 59 | AX48: [{"state": "Open", "timestamp": "2024-06-01T00:00:00"}, {"state": "Triage", "timestamp": "2024-06-01T05:00:00"}] | AY48: 1 | AZ48: 9 | BA48: 1 | BB48: 7.2531354 | BC48: 33.081422 | BD48: 7.7543527 | BE48: 5.1607177 | BF48: 0 | BG48: 53.249628 | BH48: 53.492778 | BK48: 27 | BL48: 54 | BM48: 59 | BN48: 572.77079 | BR48: TC-1525 | BS48: FALSE | BU48: 0 | BV48: 0
A49: 192159 | B49: خارج شدن سند از کارتابل کاربر، بعدازکلیک دکمه تایید در فرم ورود اطلاعات پیشنهاد | C49: تکمیل توضیحات: خارج شدن سند از کارتابل کاربر، بعدازکلیک دکمه تایی... | D49: Medium | E49: P2 | F49: Closed | G49: Security | H49: FALSE | I49: TRUE | J49: PRJ-001 | K49: Dem System | L49: Team Delta | M49: T04 | N49: M09 | O49: Dem\DemBiz\SP_88 | P49: Sprint 26 | Q49: S26 | R49: Security;Medium | S49: EXT-192159 | T49: کامنت 5 مورد | U49: Hassan Karimi | V49: U829 | W49: Hassan Karimi | X49: U829 | Y49: Hassan Karimi | Z49: U829 | AA49: Hassan Karimi | AB49: U829 | AC49: 2024-05-25 | AD49: 2024-05-25 16:00:00 | AE49: 2024-05-26 11:00:00 | AF49: 2024-05-26 18:00:00 | AG49: 2024-05-26 18:00:00 | AH49: 2024-05-30 09:00:00 | AI49: 2024-05-30 18:00:00 | AJ49: 2024-05-31 09:00:00 | AK49: 2024-05-31 15:00:00 | AL49: 2024-06-01 08:00:00 | AM49: 2024-06-01 08:00:00 | AN49: 2024-06-14 | AO49: 2 | AP49: 2024-06-05 08:00:00 | AQ49: 2024-06-07 08:00:00 | AR49: Done | AS49: 9 | AT49: 19 | AU49: 7 | AV49: 87 | AW49: 9 | AX49: [{"state": "Open", "timestamp": "2024-05-25T00:00:00"}, {"state": "Triage", "timestamp": "2024-05-25T16:00:00"}] | AY49: 4 | AZ49: 11 | BA49: 3 | BB49: 5.2482609 | BC49: 15.047435 | BD49: 15.640053 | BE49: 3.8218174 | BF49: 6.9133457 | BG49: 46.670912 | BH49: 39.457728 | BI49: 176 | BJ49: 134 | BK49: 35 | BL49: 35 | BM49: 87 | BN49: 579.77079 | BO49: Data | BP49: Fixed | BQ49: Duplicate | BS49: TRUE | BT49: 192380 | BU49: 3 | BV49: 0
A50: 192162 | B50: با باز شدن فرم انتخاب پیشنهاد جهت اصلاح ، پیغام خطا می دهد | C50: تکمیل توضیحات: با باز شدن فرم انتخاب پیشنهاد جهت اصلاح ، پیغام خط... | D50: Medium | E50: P1 | F50: Closed | G50: Data | H50: FALSE | I50: FALSE | J50: PRJ-001 | K50: Dem System | L50: Team Delta | M50: T04 | N50: M09 | O50: Dem\DemBiz\SP_88 | P50: Sprint 24 | Q50: S24 | R50: Data;Medium | T50: کامنت 3 مورد | U50: Zahra Ebrahimi | V50: U002 | W50: Sara Ahmadi | X50: U091 | Y50: Mohammad Safari | Z50: U093 | AA50: Fateme Akbari | AB50: U511 | AC50: 2024-04-11 | AD50: 2024-04-11 09:00:00 | AE50: 2024-04-12 07:00:00 | AF50: 2024-04-13 23:00:00 | AG50: 2024-04-13 23:00:00 | AH50: 2024-04-16 17:00:00 | AI50: 2024-04-17 17:00:00 | AJ50: 2024-04-17 21:00:00 | AK50: 2024-04-17 22:00:00 | AL50: 2024-04-19 04:00:00 | AM50: 2024-04-19 04:00:00 | AN50: 2024-05-27 | AO50: 0 | AR50: Done | AS50: 8 | AT50: 22 | AU50: 40 | AV50: 66 | AW50: 24 | AX50: [{"state": "Open", "timestamp": "2024-04-11T00:00:00"}, {"state": "Triage", "timestamp": "2024-04-11T09:00:00"}] | AY50: 1 | AZ50: 10 | BA50: 1 | BB50: 3.0427234 | BC50: 5.95536 | BD50: 7.145669 | BE50: 7.9554761 | BF50: 0 | BG50: 24.099229 | BH50: 18.529947 | BI50: 196 | BJ50: 125 | BK50: 31 | BL50: 86 | BM50: 66 | BN50: 623.77079 | BO50: Integration | BP50: Duplicate | BQ50: Completed | BR50: TC-2084 | BS50: TRUE | BT50: 191830 | BU50: 1 | BV50: 0
A51: 192167 | B51: عدم شناسایی کد ملی ، مشتری ثبت شده قدیمی | C51: تکمیل توضیحات: عدم شناسایی کد ملی ، مشتری ثبت شده قدیمی... | D51: High | E51: P2 | F51: Closed | G51: UI | H51: FALSE | I51: FALSE | J51: PRJ-001 | K51: Dem System | L51: Team Delta | M51: T04 | N51: M09 | O51: Dem\DemBiz\SP_88 | P51: Sprint 24 | Q51: S24 | R51: UI;High | T51: کامنت 0 مورد | U51: Mina Hosseini | V51: U860 | W51: Reza Mohammadi | X51: U493 | Y51: Ali Rezaei | Z51: U374 | AA51: Ali Rezaei | AB51: U374 | AC51: 2024-01-19 | AD51: 2024-01-20 11:00:00 | AE51: 2024-01-20 18:00:00 | AF51: 2024-01-23 12:00:00 | AG51: 2024-01-23 12:00:00 | AH51: 2024-01-25 05:00:00 | AI51: 2024-01-25 17:00:00 | AJ51: 2024-01-26 06:00:00 | AK51: 2024-01-26 08:00:00 | AL51: 2024-01-27 00:00:00 | AM51: 2024-01-27 00:00:00 | AN51: 2024-02-18 | AO51: 2 | AP51: 2024-01-30 00:00:00 | AQ51: 2024-02-02 00:00:00 | AR51: Done | AS51: 8 | AT51: 7 | AU51: 66 | AV51: 41 | AW51: 12 | AX51: [{"state": "Open", "timestamp": "2024-01-19T00:00:00"}, {"state": "Triage", "timestamp": "2024-01-20T11:00:00"}] | AY51: 3 | AZ51: 9 | BA51: 3 | BB51: 3.1190718 | BC51: 21.367487 | BD51: 18.649768 | BE51: 6.3002834 | BF51: 9.4792328 | BG51: 58.915843 | BH51: 62.826207 | BI51: 192 | BJ51: 84 | BK51: 42 | BL51: 85 | BM51: 41 | BN51: 706.77079 | BO51: Coding | BP51: Fixed | BQ51: Completed | BR51: TC-6155 | BS51: FALSE | BU51: 2 | BV51: 0
A52: 192184 | B52: اصلاح متن پیغام در لینک کپی اطلاعات پیشنهادبا انتخاب چند رهگیری | C52: تکمیل توضیحات: اصلاح متن پیغام در لینک کپی اطلاعات پیشنهادبا انتخ... | D52: Low | E52: P3 | F52: In Progress | G52: Integration | H52: FALSE | I52: FALSE | J52: PRJ-001 | K52: Dem System | L52: Team Delta | M52: T04 | N52: M09 | O52: Dem\DemBiz\SP_88 | P52: Sprint 25 | Q52: S25 | R52: Integration;Low | T52: کامنت 4 مورد | U52: Zahra Ebrahimi | V52: U002 | W52: Mohammad Safari | X52: U093 | AC52: 2024-05-19 | AD52: 2024-05-20 22:00:00 | AE52: 2024-05-21 08:00:00 | AF52: 2024-05-24 05:00:00 | AG52: 2024-05-24 05:00:00 | AM52: 2024-05-24 05:00:00 | AN52: 2024-05-26 | AO52: 0 | AR52: Active | AS52: 5 | AT52: 10 | AU52: 69 | AX52: [{"state": "Open", "timestamp": "2024-05-19T00:00:00"}, {"state": "Triage", "timestamp": "2024-05-20T22:00:00"}] | AY52: 3 | AZ52: 6 | BA52: 1 | BB52: 5.9446676 | BC52: 31.029749 | BD52: 17.239049 | BE52: 9.7548417 | BF52: 0 | BG52: 63.968307 | BH52: 55.855739 | BK52: 56 | BL52: 79 | BM52: 0 | BN52: 585.77079 | BR52: TC-9179 | BS52: FALSE | BU52: 0 | BV52: 0
A53: 192214 | B53: نکست شدن سند به فرم تکمیل اطلاعات ، بدون ثبت درخواست تسهیلاتی /غیر تسهیلاتی | C53: تکمیل توضیحات: نکست شدن سند به فرم تکمیل اطلاعات ، بدون ثبت درخوا... | D53: Low | E53: P1 | F53: Ready for Retest | G53: Integration | H53: FALSE | I53: TRUE | J53: PRJ-001 | K53: Dem System | L53: Team Alpha | M53: T01 | N53: M09 | O53: Dem\DemBiz\SP_88 | P53: Sprint 25 | Q53: S25 | R53: Integration;Low | S53: EXT-192214 | T53: کامنت 1 مورد | U53: Reza Mohammadi | V53: U493 | W53: Reza Mohammadi | X53: U493 | AC53: 2024-06-19 | AD53: 2024-06-20 12:00:00 | AE53: 2024-06-20 22:00:00 | AF53: 2024-06-21 13:00:00 | AG53: 2024-06-21 13:00:00 | AH53: 2024-06-26 13:00:00 | AM53: 2024-06-26 13:00:00 | AN53: 2024-07-04 | AO53: 0 | AR53: In Progress | AS53: 5 | AT53: 10 | AU53: 15 | AV53: 120 | AX53: [{"state": "Open", "timestamp": "2024-06-19T00:00:00"}, {"state": "Triage", "timestamp": "2024-06-20T12:00:00"}] | AY53: 3 | AZ53: 6 | BA53: 1 | BB53: 7.2283269 | BC53: 9.4170201 | BD53: 8.8653835 | BE53: 2.1660196 | BF53: 0 | BG53: 27.67675 | BH53: 29.025796 | BK53: 46 | BL53: 25 | BM53: 120 | BN53: 554.77079 | BR53: TC-8517 | BS53: FALSE | BU53: 0 | BV53: 0
A54: 192380 | B54: نمایشی بودن فرم ویرایش در عقد مشارکتی | C54: تکمیل توضیحات: نمایشی بودن فرم ویرایش در عقد مشارکتی... | D54: Low | E54: P1 | F54: Closed | G54: Integration | H54: FALSE | I54: FALSE | J54: PRJ-001 | K54: Dem System | L54: Team Gamma | M54: T03 | N54: M09 | O54: Dem\DemBiz\SP_88 | P54: Sprint 27 | Q54: S27 | R54: Integration;Low | S54: EXT-192380 | T54: کامنت 1 مورد | U54: Hassan Karimi | V54: U829 | W54: Reza Mohammadi | X54: U493 | Y54: Hassan Karimi | Z54: U829 | AA54: Mohammad Safari | AB54: U093 | AC54: 2024-03-08 | AD54: 2024-03-08 08:00:00 | AE54: 2024-03-08 12:00:00 | AF54: 2024-03-11 12:00:00 | AG54: 2024-03-11 12:00:00 | AH54: 2024-03-12 15:00:00 | AI54: 2024-03-13 12:00:00 | AJ54: 2024-03-13 23:00:00 | AK54: 2024-03-14 03:00:00 | AL54: 2024-03-16 01:00:00 | AM54: 2024-03-16 01:00:00 | AN54: 2024-04-05 | AO54: 1 | AP54: 2024-03-21 01:00:00 | AQ54: 2024-03-21 01:00:00 | AR54: Done | AS54: 9 | AT54: 4 | AU54: 72 | AV54: 27 | AW54: 21 | AX54: [{"state": "Open", "timestamp": "2024-03-08T00:00:00"}, {"state": "Triage", "timestamp": "2024-03-08T08:00:00"}] | AY54: 3 | AZ54: 9 | BA54: 2 | BB54: 7.1531482 | BC54: 25.292729 | BD54: 15.141986 | BE54: 15.615922 | BF54: 1.9228902 | BG54: 65.126675 | BH54: 51.620551 | BI54: 193 | BJ54: 109 | BK54: 12 | BL54: 97 | BM54: 27 | BN54: 657.77079 | BO54: Coding | BP54: Fixed | BQ54: By Design | BR54: TC-3287 | BS54: FALSE | BU54: 3 | BV54: 1
A55: 192455 | B55: اتچ شدن فایل پی دی اف پیش نویس در فرم تکمیل اطلاعات | C55: تکمیل توضیحات: اتچ شدن فایل پی دی اف پیش نویس در فرم تکمیل اطلاعا... | D55: Low | E55: P2 | F55: In Progress | G55: Security | H55: FALSE | I55: FALSE | J55: PRJ-001 | K55: Dem System | L55: Team Delta | M55: T04 | N55: M09 | O55: Dem\DemBiz\SP_88 | P55: Sprint 27 | Q55: S27 | R55: Security;Low | T55: کامنت 5 مورد | U55: Hassan Karimi | V55: U829 | W55: Mina Hosseini | X55: U860 | AC55: 2024-05-09 | AD55: 2024-05-10 08:00:00 | AE55: 2024-05-10 17:00:00 | AF55: 2024-05-11 01:00:00 | AG55: 2024-05-11 01:00:00 | AM55: 2024-05-11 01:00:00 | AN55: 2024-05-21 | AO55: 0 | AR55: Active | AS55: 6 | AT55: 9 | AU55: 8 | AX55: [{"state": "Open", "timestamp": "2024-05-09T00:00:00"}, {"state": "Triage", "timestamp": "2024-05-10T08:00:00"}] | AY55: 4 | AZ55: 7 | BA55: 1 | BB55: 6.3490666 | BC55: 4.3285511 | BD55: 15.213586 | BE55: 15.793161 | BF55: 0 | BG55: 41.684365 | BH55: 41.212667 | BK55: 41 | BL55: 17 | BM55: 0 | BN55: 595.77079 | BR55: TC-9830 | BS55: FALSE | BU55: 0 | BV55: 0
A56: 192261 | B56: کمبو شعبه اعتباری کد اول و دوم | C56: تکمیل توضیحات: کمبو شعبه اعتباری کد اول و دوم... | D56: Medium | E56: P3 | F56: Active | G56: Data | H56: TRUE | I56: FALSE | J56: PRJ-001 | K56: Dem System | L56: Team Gamma | M56: T03 | N56: M09 | O56: Dem\DemBiz\SP_88 | P56: Sprint 23 | Q56: S23 | R56: Data;Medium | T56: کامنت 3 مورد | U56: Hassan Karimi | V56: U829 | W56: Mina Hosseini | X56: U860 | AC56: 2024-06-11 | AD56: 2024-06-12 04:00:00 | AE56: 2024-06-12 13:00:00 | AM56: 2024-06-12 13:00:00 | AN56: 2024-06-20 | AO56: 0 | AR56: Triage | AS56: 4 | AT56: 9 | AX56: [{"state": "Open", "timestamp": "2024-06-11T00:00:00"}, {"state": "Triage", "timestamp": "2024-06-12T04:00:00"}] | AY56: 2 | AZ56: 4 | BA56: 1 | BB56: 5.3152373 | BC56: 3.0155871 | BD56: 2.5109154 | BE56: 11.472426 | BF56: 0 | BG56: 22.314166 | BH56: 22.750489 | BK56: 37 | BL56: 9 | BM56: 0 | BN56: 562.77079 | BR56: TC-8019 | BS56: FALSE | BU56: 0 | BV56: 0
A57: 192255 | B57: اعمال پیشنهاد مرتبط در فرم تکمیل اطلاعات ، پیغام خطا می دهد | C57: تکمیل توضیحات: اعمال پیشنهاد مرتبط در فرم تکمیل اطلاعات ، پیغام خ... | D57: Low | E57: P1 | F57: Done | G57: Security | H57: FALSE | I57: FALSE | J57: PRJ-001 | K57: Dem System | L57: Team Gamma | M57: T03 | N57: M09 | O57: Dem\DemBiz\SP_88 | P57: Sprint 23 | Q57: S23 | R57: Security;Low | T57: کامنت 4 مورد | U57: Reza Mohammadi | V57: U493 | W57: Sara Ahmadi | X57: U091 | Y57: Ali Rezaei | Z57: U374 | AA57: Ali Rezaei | AB57: U374 | AC57: 2024-01-01 | AD57: 2024-01-01 22:00:00 | AE57: 2024-01-02 03:00:00 | AF57: 2024-01-03 14:00:00 | AG57: 2024-01-03 14:00:00 | AH57: 2024-01-04 18:00:00 | AI57: 2024-01-06 02:00:00 | AJ57: 2024-01-06 21:00:00 | AK57: 2024-01-06 21:00:00 | AM57: 2024-01-06 21:00:00 | AN57: 2024-02-22 | AO57: 0 | AR57: Resolved | AS57: 9 | AT57: 5 | AU57: 35 | AV57: 28 | AW57: 32 | AX57: [{"state": "Open", "timestamp": "2024-01-01T00:00:00"}, {"state": "Triage", "timestamp": "2024-01-01T22:00:00"}] | AY57: 0 | AZ57: 9 | BA57: 1 | BB57: 1.1310497 | BC57: 21.722831 | BD57: 18.099782 | BE57: 9.0414455 | BF57: 0 | BG57: 49.995108 | BH57: 36.551129 | BK57: 27 | BL57: 72 | BM57: 28 | BN57: 724.77079 | BO57: Testing | BP57: Fixed | BS57: FALSE | BU57: 2 | BV57: 1
A58: 192256 | B58: وجود رکورد نال درکنار اسم مشتری در کمبو مشتری | C58: تکمیل توضیحات: وجود رکورد نال درکنار اسم مشتری در کمبو مشتری... | D58: Critical | E58: P2 | F58: Closed | G58: Backend | H58: TRUE | I58: FALSE | J58: PRJ-001 | K58: Dem System | L58: Team Alpha | M58: T01 | N58: M09 | O58: Dem\DemBiz\SP_88 | P58: Sprint 27 | Q58: S27 | R58: Backend;Critical | S58: EXT-192256 | T58: کامنت 1 مورد | U58: Reza Mohammadi | V58: U493 | W58: Reza Mohammadi | X58: U493 | Y58: Sara Ahmadi | Z58: U091 | AA58: Fateme Akbari | AB58: U511 | AC58: 2024-04-19 | AD58: 2024-04-20 12:00:00 | AE58: 2024-04-20 13:00:00 | AF58: 2024-04-21 05:00:00 | AG58: 2024-04-21 05:00:00 | AH58: 2024-04-21 22:00:00 | AI58: 2024-04-23 22:00:00 | AJ58: 2024-04-24 04:00:00 | AK58: 2024-04-24 05:00:00 | AL58: 2024-04-25 05:00:00 | AM58: 2024-04-25 05:00:00 | AN58: 2024-06-02 | AO58: 1 | AP58: 2024-05-02 05:00:00 | AQ58: 2024-05-02 05:00:00 | AR58: Done | AS58: 10 | AT58: 1 | AU58: 16 | AV58: 17 | AW58: 48 | AX58: [{"state": "Open", "timestamp": "2024-04-19T00:00:00"}, {"state": "Triage", "timestamp": "2024-04-20T12:00:00"}] | AY58: 3 | AZ58: 11 | BA58: 2 | BB58: 1.7122154 | BC58: 22.08477 | BD58: 10.352421 | BE58: 5.6429142 | BF58: 1.7701048 | BG58: 41.562425 | BH58: 37.487752 | BI58: 149 | BJ58: 96 | BK58: 37 | BL58: 65 | BM58: 17 | BN58: 615.77079 | BO58: Config | BP58: Fixed | BQ58: Completed | BR58: TC-4593 | BS58: FALSE | BU58: 1 | BV58: 1
A59: 192262 | B59: کمبو مالک مربوطه در تغییر املاک/ درج تغییرات شرکت ، رکورد نال نمایش میدهد | C59: تکمیل توضیحات: کمبو مالک مربوطه در تغییر املاک/ درج تغییرات شرکت ... | D59: High | E59: P3 | F59: Done | G59: Backend | H59: FALSE | I59: FALSE | J59: PRJ-001 | K59: Dem System | L59: Team Delta | M59: T04 | N59: M09 | O59: Dem\DemBiz\SP_88 | P59: Sprint 27 | Q59: S27 | R59: Backend;High | T59: کامنت 2 مورد | U59: Zahra Ebrahimi | V59: U002 | W59: Reza Mohammadi | X59: U493 | Y59: Mina Hosseini | Z59: U860 | AA59: Hassan Karimi | AB59: U829 | AC59: 2024-02-02 | AD59: 2024-02-02 03:00:00 | AE59: 2024-02-02 13:00:00 | AF59: 2024-02-04 13:00:00 | AG59: 2024-02-04 13:00:00 | AH59: 2024-02-09 02:00:00 | AI59: 2024-02-09 08:00:00 | AJ59: 2024-02-09 21:00:00 | AK59: 2024-02-09 21:00:00 | AM59: 2024-02-09 21:00:00 | AN59: 2024-02-22 | AO59: 0 | AR59: Resolved | AS59: 6 | AT59: 10 | AU59: 48 | AV59: 109 | AW59: 6 | AX59: [{"state": "Open", "timestamp": "2024-02-02T00:00:00"}, {"state": "Triage", "timestamp": "2024-02-02T03:00:00"}] | AY59: 1 | AZ59: 7 | BA59: 1 | BB59: 7.2391564 | BC59: 25.859766 | BD59: 16.615921 | BE59: 13.206925 | BF59: 0 | BG59: 62.921768 | BH59: 49.119803 | BK59: 13 | BL59: 64 | BM59: 109 | BN59: 692.77079 | BO59: Coding | BP59: Fixed | BS59: FALSE | BU59: 3 | BV59: 0
A60: 192243 | B60: امکان ثبت خود فرد به عنوان شریک خودش در مشتریان حقیقی | C60: تکمیل توضیحات: امکان ثبت خود فرد به عنوان شریک خودش در مشتریان حق... | D60: Critical | E60: P1 | F60: Done | G60: Data | H60: FALSE | I60: FALSE | J60: PRJ-001 | K60: Dem System | L60: Team Beta | M60: T02 | N60: M09 | O60: Dem\DemBiz\SP_88 | P60: Sprint 26 | Q60: S26 | R60: Data;Critical | S60: EXT-192243 | T60: کامنت 4 مورد | U60: Sara Ahmadi | V60: U091 | W60: Hassan Karimi | X60: U829 | Y60: Ali Rezaei | Z60: U374 | AA60: Zahra Ebrahimi | AB60: U002 | AC60: 2024-06-23 | AD60: 2024-06-23 16:00:00 | AE60: 2024-06-24 14:00:00 | AF60: 2024-06-25 05:00:00 | AG60: 2024-06-25 05:00:00 | AH60: 2024-06-27 10:00:00 | AI60: 2024-06-29 01:00:00 | AJ60: 2024-06-29 16:00:00 | AK60: 2024-06-29 16:00:00 | AM60: 2024-06-29 16:00:00 | AN60: 2024-08-08 | AO60: 0 | AR60: Resolved | AS60: 8 | AT60: 22 | AU60: 15 | AV60: 53 | AW60: 39 | AX60: [{"state": "Open", "timestamp": "2024-06-23T00:00:00"}, {"state": "Triage", "timestamp": "2024-06-23T16:00:00"}] | AY60: 3 | AZ60: 9 | BA60: 1 | BB60: 5.0482179 | BC60: 29.317562 | BD60: 6.7409672 | BE60: 11.270968 | BF60: 0 | BG60: 52.377715 | BH60: 38.656062 | BK60: 38 | BL60: 76 | BM60: 53 | BN60: 550.77079 | BO60: Design | BP60: Won't Fix | BR60: TC-9085 | BS60: FALSE | BU60: 1 | BV60: 1
A61: 192292 | B61: خالی بودن زیر بخش گزینه های ، منو سامانه | C61: تکمیل توضیحات: خالی بودن زیر بخش گزینه های ، منو سامانه... | D61: High | E61: P3 | F61: Triage | G61: Security | H61: FALSE | I61: FALSE | J61: PRJ-001 | K61: Dem System | L61: Team Alpha | M61: T01 | N61: M09 | O61: Dem\DemBiz\SP_88 | P61: Sprint 25 | Q61: S25 | R61: Security;High | T61: کامنت 4 مورد | U61: Zahra Ebrahimi | V61: U002 | W61: Mina Hosseini | X61: U860 | AC61: 2024-02-09 | AD61: 2024-02-09 16:00:00 | AM61: 2024-02-09 16:00:00 | AN61: 2024-02-26 | AO61: 0 | AR61: Open | AS61: 1 | AX61: [{"state": "Open", "timestamp": "2024-02-09T00:00:00"}, {"state": "Triage", "timestamp": "2024-02-09T16:00:00"}] | AY61: 1 | AZ61: 3 | BA61: 1 | BB61: 0.56897789 | BC61: 39.058231 | BD61: 17.962703 | BE61: 3.4392541 | BF61: 0 | BG61: 61.029166 | BH61: 78.970285 | BL61: 0 | BM61: 0 | BN61: 685.77079 | BR61: TC-1771 | BS61: FALSE | BU61: 0 | BV61: 0
A62: 191516 | B62: در کمبو شماره شناسنامه و شماره ملی ، حروف هم می توان وارد کرد | C62: تکمیل توضیحات: در کمبو شماره شناسنامه و شماره ملی ، حروف هم می تو... | D62: Medium | E62: P2 | F62: Done | G62: UI | H62: FALSE | I62: TRUE | J62: PRJ-001 | K62: Dem System | L62: Team Beta | M62: T02 | N62: M09 | O62: Dem\DemBiz\SP_88 | P62: Sprint 23 | Q62: S23 | R62: UI;Medium | T62: کامنت 3 مورد | U62: Mina Hosseini | V62: U860 | W62: Reza Mohammadi | X62: U493 | Y62: Hassan Karimi | Z62: U829 | AA62: Mohammad Safari | AB62: U093 | AC62: 2024-02-15 | AD62: 2024-02-16 03:00:00 | AE62: 2024-02-16 04:00:00 | AF62: 2024-02-17 04:00:00 | AG62: 2024-02-17 04:00:00 | AH62: 2024-02-21 10:00:00 | AI62: 2024-02-22 11:00:00 | AJ62: 2024-02-23 02:00:00 | AK62: 2024-02-23 02:00:00 | AM62: 2024-02-23 02:00:00 | AN62: 2024-04-13 | AO62: 0 | AR62: Resolved | AS62: 8 | AT62: 1 | AU62: 24 | AV62: 102 | AW62: 25 | AX62: [{"state": "Open", "timestamp": "2024-02-15T00:00:00"}, {"state": "Triage", "timestamp": "2024-02-16T03:00:00"}] | AY62: 1 | AZ62: 9 | BA62: 1 | BB62: 1.2610366 | BC62: 21.135714 | BD62: 8.0894327 | BE62: 14.663908 | BF62: 0 | BG62: 45.150091 | BH62: 40.337647 | BK62: 28 | BL62: 50 | BM62: 102 | BN62: 679.77079 | BO62: Integration | BP62: Fixed | BS62: FALSE | BU62: 3 | BV62: 0
A63: 192531 | B63: بدون در نظر گرفتن مرجع تصویب ، با اظهار نظر ارجاع به مراجع بالاتر سند نکست می شود | C63: تکمیل توضیحات: بدون در نظر گرفتن مرجع تصویب ، با اظهار نظر ارجاع ... | D63: High | E63: P2 | F63: Closed | G63: Integration | H63: TRUE | I63: FALSE | J63: PRJ-001 | K63: Dem System | L63: Team Gamma | M63: T03 | N63: M09 | O63: Dem\DemBiz\SP_88 | P63: Sprint 25 | Q63: S25 | R63: Integration;High | T63: کامنت 1 مورد | U63: Ali Rezaei | V63: U374 | W63: Zahra Ebrahimi | X63: U002 | Y63: Sara Ahmadi | Z63: U091 | AA63: Reza Mohammadi | AB63: U493 | AC63: 2024-06-20 | AD63: 2024-06-22 00:00:00 | AE63: 2024-06-22 08:00:00 | AF63: 2024-06-23 20:00:00 | AG63: 2024-06-23 20:00:00 | AH63: 2024-06-25 00:00:00 | AI63: 2024-06-27 00:00:00 | AJ63: 2024-06-27 05:00:00 | AK63: 2024-06-27 12:00:00 | AL63: 2024-06-27 15:00:00 | AM63: 2024-06-27 15:00:00 | AN63: 2024-07-27 | AO63: 1 | AP63: 2024-07-01 15:00:00 | AQ63: 2024-07-01 15:00:00 | AR63: Done | AS63: 9 | AT63: 8 | AU63: 36 | AV63: 28 | AW63: 48 | AX63: [{"state": "Open", "timestamp": "2024-06-20T00:00:00"}, {"state": "Triage", "timestamp": "2024-06-22T00:00:00"}] | AY63: 3 | AZ63: 11 | BA63: 2 | BB63: 5.4762633 | BC63: 13.595302 | BD63: 0.7113342 | BE63: 13.338059 | BF63: 3.6426986 | BG63: 36.763657 | BH63: 43.598928 | BI63: 183 | BJ63: 91 | BK63: 56 | BL63: 92 | BM63: 28 | BN63: 553.77079 | BO63: Integration | BP63: Won't Fix | BQ63: Completed | BR63: TC-3621 | BS63: FALSE | BU63: 3 | BV63: 0
A64: 192477 | B64: خطای دکمه امضا در کمیته اعتباری نفر دوم کمیته | C64: تکمیل توضیحات: خطای دکمه امضا در کمیته اعتباری نفر دوم کمیته... | D64: Low | E64: P2 | F64: Active | G64: Integration | H64: TRUE | I64: FALSE | J64: PRJ-001 | K64: Dem System | L64: Team Gamma | M64: T03 | N64: M09 | O64: Dem\DemBiz\SP_88 | P64: Sprint 25 | Q64: S25 | R64: Integration;Low | T64: کامنت 4 مورد | U64: Hassan Karimi | V64: U829 | W64: Sara Ahmadi | X64: U091 | AC64: 2024-04-27 | AD64: 2024-04-27 23:00:00 | AE64: 2024-04-28 09:00:00 | AM64: 2024-04-28 09:00:00 | AN64: 2024-06-25 | AO64: 0 | AR64: Triage | AS64: 2 | AT64: 10 | AX64: [{"state": "Open", "timestamp": "2024-04-27T00:00:00"}, {"state": "Triage", "timestamp": "2024-04-27T23:00:00"}] | AY64: 4 | AZ64: 2 | BA64: 1 | BB64: 0.53796188 | BC64: 32.012262 | BD64: 18.154949 | BE64: 15.246999 | BF64: 0 | BG64: 65.952171 | BH64: 56.242982 | BK64: 33 | BL64: 10 | BM64: 0 | BN64: 607.77079 | BS64: FALSE | BU64: 0 | BV64: 0
A65: 191517 | B65: عدم نمایش جزئیات نسخه جاری | C65: تکمیل توضیحات: عدم نمایش جزئیات نسخه جاری... | D65: Medium | E65: P2 | F65: Resolved | G65: Data | H65: FALSE | I65: FALSE | J65: PRJ-001 | K65: Dem System | L65: Team Alpha | M65: T01 | N65: M09 | O65: Dem\DemBiz\SP_88 | P65: Sprint 27 | Q65: S27 | R65: Data;Medium | T65: کامنت 5 مورد | U65: Sara Ahmadi | V65: U091 | W65: Fateme Akbari | X65: U511 | Y65: Ali Rezaei | Z65: U374 | AA65: Reza Mohammadi | AB65: U493 | AC65: 2024-02-28 | AD65: 2024-02-28 15:00:00 | AE65: 2024-02-28 16:00:00 | AF65: 2024-02-29 18:00:00 | AG65: 2024-02-29 18:00:00 | AH65: 2024-03-03 05:00:00 | AI65: 2024-03-04 06:00:00 | AM65: 2024-03-04 06:00:00 | AN65: 2024-03-23 | AO65: 0 | AR65: Ready for Retest | AS65: 5 | AT65: 1 | AU65: 26 | AV65: 59 | AW65: 25 | AX65: [{"state": "Open", "timestamp": "2024-02-28T00:00:00"}, {"state": "Triage", "timestamp": "2024-02-28T15:00:00"}] | AY65: 1 | AZ65: 7 | BA65: 1 | BB65: 1.7060604 | BC65: 11.562458 | BD65: 2.2800902 | BE65: 11.885793 | BF65: 0 | BG65: 27.434401 | BH65: 30.422052 | BK65: 16 | BL65: 52 | BM65: 59 | BN65: 666.77079 | BO65: Testing | BP65: Fixed | BR65: TC-2040 | BS65: FALSE | BU65: 0 | BV65: 1
A66: 192542 | B66: دکمه تایید و ادامه در فرم انتخاب پیشنهاد جهت اصلاح پیغام متن پیشنهاد اصلاحی را می دهد | C66: تکمیل توضیحات: دکمه تایید و ادامه در فرم انتخاب پیشنهاد جهت اصلاح... | D66: High | E66: P1 | F66: Closed | G66: Backend | H66: FALSE | I66: FALSE | J66: PRJ-001 | K66: Dem System | L66: Team Alpha | M66: T01 | N66: M09 | O66: Dem\DemBiz\SP_88 | P66: Sprint 26 | Q66: S26 | R66: Backend;High | T66: کامنت 5 مورد | U66: Ali Rezaei | V66: U374 | W66: Zahra Ebrahimi | X66: U002 | Y66: Reza Mohammadi | Z66: U493 | AA66: Fateme Akbari | AB66: U511 | AC66: 2024-01-18 | AD66: 2024-01-18 18:00:00 | AE66: 2024-01-19 06:00:00 | AF66: 2024-01-22 01:00:00 | AG66: 2024-01-22 01:00:00 | AH66: 2024-01-24 12:00:00 | AI66: 2024-01-26 11:00:00 | AJ66: 2024-01-27 06:00:00 | AK66: 2024-01-27 12:00:00 | AL66: 2024-01-27 14:00:00 | AM66: 2024-01-27 14:00:00 | AN66: 2024-02-01 | AO66: 2 | AP66: 2024-01-30 14:00:00 | AQ66: 2024-02-03 14:00:00 | AR66: Done | AS66: 9 | AT66: 12 | AU66: 67 | AV66: 59 | AW66: 47 | AX66: [{"state": "Open", "timestamp": "2024-01-18T00:00:00"}, {"state": "Triage", "timestamp": "2024-01-18T18:00:00"}] | AY66: 1 | AZ66: 10 | BA66: 3 | BB66: 4.6155034 | BC66: 18.119885 | BD66: 6.7266159 | BE66: 10.201228 | BF66: 0.7862428 | BG66: 40.449475 | BH66: 46.765124 | BI66: 230 | BJ66: 133 | BK66: 30 | BL66: 126 | BM66: 59 | BN66: 707.77079 | BO66: Data | BP66: Fixed | BQ66: Completed | BR66: TC-8668 | BS66: FALSE | BU66: 3 | BV66: 0
A67: 191545 | B67: بعداز ذخیره، درصد سهام و تعداد سهام در لینک سهامداران تغییر می کند | C67: تکمیل توضیحات: بعداز ذخیره، درصد سهام و تعداد سهام در لینک سهامدا... | D67: Medium | E67: P3 | F67: Closed | G67: Backend | H67: TRUE | I67: FALSE | J67: PRJ-001 | K67: Dem System | L67: Team Beta | M67: T02 | N67: M09 | O67: Dem\DemBiz\SP_88 | P67: Sprint 24 | Q67: S24 | R67: Backend;Medium | T67: کامنت 1 مورد | U67: Sara Ahmadi | V67: U091 | W67: Zahra Ebrahimi | X67: U002 | Y67: Mohammad Safari | Z67: U093 | AA67: Reza Mohammadi | AB67: U493 | AC67: 2024-03-08 | AD67: 2024-03-08 03:00:00 | AE67: 2024-03-08 07:00:00 | AF67: 2024-03-10 16:00:00 | AG67: 2024-03-10 16:00:00 | AH67: 2024-03-12 20:00:00 | AI67: 2024-03-13 20:00:00 | AJ67: 2024-03-14 11:00:00 | AK67: 2024-03-14 13:00:00 | AL67: 2024-03-15 14:00:00 | AM67: 2024-03-15 14:00:00 | AN67: 2024-04-20 | AO67: 1 | AP67: 2024-03-20 14:00:00 | AQ67: 2024-03-20 14:00:00 | AR67: Done | AS67: 8 | AT67: 4 | AU67: 57 | AV67: 52 | AW67: 24 | AX67: [{"state": "Open", "timestamp": "2024-03-08T00:00:00"}, {"state": "Triage", "timestamp": "2024-03-08T03:00:00"}] | AY67: 3 | AZ67: 8 | BA67: 2 | BB67: 5.689214 | BC67: 4.0597989 | BD67: 19.026208 | BE67: 7.2736455 | BF67: 7.994104 | BG67: 44.042971 | BH67: 46.570299 | BI67: 182 | BJ67: 118 | BK67: 7 | BL67: 85 | BM67: 52 | BN67: 657.77079 | BO67: Testing | BP67: Fixed | BQ67: Completed | BR67: TC-1188 | BS67: FALSE | BU67: 2 | BV67: 1
A68: 191555 | B68: ستاره دار نبودن ، فیلد های اجباری در فرم ثبت و ویرایش شخص حقوقی / حقیقی | C68: تکمیل توضیحات: ستاره دار نبودن ، فیلد های اجباری در فرم ثبت و ویر... | D68: High | E68: P2 | F68: Done | G68: Integration | H68: TRUE | I68: FALSE | J68: PRJ-001 | K68: Dem System | L68: Team Delta | M68: T04 | N68: M09 | O68: Dem\DemBiz\SP_88 | P68: Sprint 26 | Q68: S26 | R68: Integration;High | S68: EXT-191555 | T68: کامنت 5 مورد | U68: Fateme Akbari | V68: U511 | W68: Fateme Akbari | X68: U511 | Y68: Mina Hosseini | Z68: U860 | AA68: Zahra Ebrahimi | AB68: U002 | AC68: 2024-01-12 | AD68: 2024-01-13 22:00:00 | AE68: 2024-01-14 12:00:00 | AF68: 2024-01-14 14:00:00 | AG68: 2024-01-14 14:00:00 | AH68: 2024-01-17 16:00:00 | AI68: 2024-01-19 06:00:00 | AJ68: 2024-01-20 05:00:00 | AK68: 2024-01-20 05:00:00 | AM68: 2024-01-20 05:00:00 | AN68: 2024-03-05 | AO68: 0 | AR68: Resolved | AS68: 9 | AT68: 14 | AU68: 2 | AV68: 74 | AW68: 38 | AX68: [{"state": "Open", "timestamp": "2024-01-12T00:00:00"}, {"state": "Triage", "timestamp": "2024-01-13T22:00:00"}] | AY68: 1 | AZ68: 9 | BA68: 1 | BB68: 5.3897094 | BC68: 1.988679 | BD68: 19.036839 | BE68: 14.990927 | BF68: 0 | BG68: 41.406155 | BH68: 40.700003 | BK68: 60 | BL68: 54 | BM68: 74 | BN68: 713.77079 | BO68: Data | BP68: Duplicate | BS68: TRUE | BT68: 191765 | BU68: 1 | BV68: 1
A69: 192503 | B69: در تمامی گزارشات در صورتی که جداول دیتایی نداشتند ، نمایش داده نشوند | C69: تکمیل توضیحات: در تمامی گزارشات در صورتی که جداول دیتایی نداشتند ... | D69: Low | E69: P1 | F69: Closed | G69: Data | H69: FALSE | I69: FALSE | J69: PRJ-001 | K69: Dem System | L69: Team Beta | M69: T02 | N69: M09 | O69: Dem\DemBiz\SP_88 | P69: Sprint 26 | Q69: S26 | R69: Data;Low | S69: EXT-192503 | T69: کامنت 2 مورد | U69: Fateme Akbari | V69: U511 | W69: Mohammad Safari | X69: U093 | Y69: Ali Rezaei | Z69: U374 | AA69: Fateme Akbari | AB69: U511 | AC69: 2024-06-20 | AD69: 2024-06-20 13:00:00 | AE69: 2024-06-21 01:00:00 | AF69: 2024-06-23 10:00:00 | AG69: 2024-06-23 10:00:00 | AH69: 2024-06-24 02:00:00 | AI69: 2024-06-26 00:00:00 | AJ69: 2024-06-26 12:00:00 | AK69: 2024-06-26 18:00:00 | AL69: 2024-06-28 13:00:00 | AM69: 2024-06-28 13:00:00 | AN69: 2024-07-04 | AO69: 2 | AP69: 2024-07-07 13:00:00 | AQ69: 2024-07-09 13:00:00 | AR69: Done | AS69: 7 | AT69: 12 | AU69: 57 | AV69: 16 | AW69: 46 | AX69: [{"state": "Open", "timestamp": "2024-06-20T00:00:00"}, {"state": "Triage", "timestamp": "2024-06-20T13:00:00"}] | AY69: 1 | AZ69: 7 | BA69: 3 | BB69: 2.1820198 | BC69: 38.543288 | BD69: 11.682039 | BE69: 13.990958 | BF69: 1.6351806 | BG69: 68.033486 | BH69: 64.434824 | BI69: 205 | BJ69: 123 | BK69: 25 | BL69: 115 | BM69: 16 | BN69: 553.77079 | BO69: Testing | BP69: By Design | BQ69: Cannot Reproduce | BR69: TC-9797 | BS69: FALSE | BU69: 2 | BV69: 1
A70: 192540 | B70: تکرار چرخه امضا بین اعضای کمیته اول و دوم و عدم ارسال به نفر سوم | C70: تکمیل توضیحات: تکرار چرخه امضا بین اعضای کمیته اول و دوم و عدم ار... | D70: Critical | E70: P0 | F70: In Progress | G70: Security | H70: TRUE | I70: FALSE | J70: PRJ-001 | K70: Dem System | L70: Team Alpha | M70: T01 | N70: M09 | O70: Dem\DemBiz\SP_88 | P70: Sprint 25 | Q70: S25 | R70: Security;Critical | T70: کامنت 3 مورد | U70: Mohammad Safari | V70: U093 | W70: Mohammad Safari | X70: U093 | AC70: 2024-06-19 | AD70: 2024-06-20 03:00:00 | AE70: 2024-06-20 14:00:00 | AF70: 2024-06-22 19:00:00 | AG70: 2024-06-22 19:00:00 | AM70: 2024-06-22 19:00:00 | AN70: 2024-08-09 | AO70: 0 | AR70: Active | AS70: 6 | AT70: 11 | AU70: 53 | AX70: [{"state": "Open", "timestamp": "2024-06-19T00:00:00"}, {"state": "Triage", "timestamp": "2024-06-20T03:00:00"}] | AY70: 3 | AZ70: 8 | BA70: 1 | BB70: 5.8413442 | BC70: 33.603225 | BD70: 12.820826 | BE70: 1.6782801 | BF70: 0 | BG70: 53.943675 | BH70: 49.052114 | BK70: 38 | BL70: 64 | BM70: 0 | BN70: 554.77079 | BS70: FALSE | BU70: 0 | BV70: 0
A71: 186773 | B71: لینک ویرایش عقد ، در فرم درخواست، دیتا راذخیره نمیکند وخالی نمایش می هد | C71: تکمیل توضیحات: لینک ویرایش عقد ، در فرم درخواست، دیتا راذخیره نمی... | D71: Low | E71: P2 | F71: In Progress | G71: Backend | H71: FALSE | I71: FALSE | J71: PRJ-001 | K71: Dem System | L71: Team Beta | M71: T02 | N71: M09 | O71: Dem\DemBiz\SP_88 | P71: Sprint 26 | Q71: S26 | R71: Backend;Low | S71: EXT-186773 | T71: کامنت 5 مورد | U71: Fateme Akbari | V71: U511 | W71: Sara Ahmadi | X71: U091 | AC71: 2024-03-16 | AD71: 2024-03-17 12:00:00 | AE71: 2024-03-17 17:00:00 | AF71: 2024-03-18 19:00:00 | AG71: 2024-03-18 19:00:00 | AM71: 2024-03-18 19:00:00 | AN71: 2024-04-18 | AO71: 0 | AR71: Active | AS71: 4 | AT71: 5 | AU71: 26 | AX71: [{"state": "Open", "timestamp": "2024-03-16T00:00:00"}, {"state": "Triage", "timestamp": "2024-03-17T12:00:00"}] | AY71: 3 | AZ71: 5 | BA71: 1 | BB71: 2.2793682 | BC71: 28.142994 | BD71: 9.2446877 | BE71: 1.3955046 | BF71: 0 | BG71: 41.062554 | BH71: 51.645093 | BK71: 41 | BL71: 31 | BM71: 0 | BN71: 649.77079 | BS71: FALSE | BU71: 0 | BV71: 0
A72: 192537 | B72: با بازگشت سند از مشاهده/ ابلاغیه به کارشناس منطقه،گزارشات پیغام خطا در فرایند می دهد | C72: تکمیل توضیحات: با بازگشت سند از مشاهده/ ابلاغیه به کارشناس منطقه،... | D72: Low | E72: P2 | F72: Closed | G72: Security | H72: FALSE | I72: FALSE | J72: PRJ-001 | K72: Dem System | L72: Team Alpha | M72: T01 | N72: M09 | O72: Dem\DemBiz\SP_88 | P72: Sprint 23 | Q72: S23 | R72: Security;Low | S72: EXT-192537 | T72: کامنت 5 مورد | U72: Zahra Ebrahimi | V72: U002 | W72: Zahra Ebrahimi | X72: U002 | Y72: Sara Ahmadi | Z72: U091 | AA72: Zahra Ebrahimi | AB72: U002 | AC72: 2024-06-19 | AD72: 2024-06-20 01:00:00 | AE72: 2024-06-20 23:00:00 | AF72: 2024-06-21 23:00:00 | AG72: 2024-06-21 23:00:00 | AH72: 2024-06-25 13:00:00 | AI72: 2024-06-27 05:00:00 | AJ72: 2024-06-27 16:00:00 | AK72: 2024-06-27 23:00:00 | AL72: 2024-06-29 11:00:00 | AM72: 2024-06-29 11:00:00 | AN72: 2024-08-18 | AO72: 0 | AR72: Done | AS72: 8 | AT72: 22 | AU72: 24 | AV72: 86 | AW72: 40 | AX72: [{"state": "Open", "timestamp": "2024-06-19T00:00:00"}, {"state": "Triage", "timestamp": "2024-06-20T01:00:00"}] | AY72: 0 | AZ72: 8 | BA72: 1 | BB72: 2.9404977 | BC72: 16.949165 | BD72: 6.21761 | BE72: 6.6469505 | BF72: 0 | BG72: 32.754223 | BH72: 39.251732 | BI72: 251 | BJ72: 180 | BK72: 47 | BL72: 86 | BM72: 86 | BN72: 554.77079 | BO72: Testing | BP72: Fixed | BQ72: Completed | BR72: TC-5808 | BS72: FALSE | BU72: 2 | BV72: 1
A73: 192523 | B73: ارور هنگام کلیک روی دکمه ذخیره بیرونی پس از ویرایش درخواست | C73: تکمیل توضیحات: ارور هنگام کلیک روی دکمه ذخیره بیرونی پس از ویرایش... | D73: High | E73: P0 | F73: Closed | G73: Backend | H73: TRUE | I73: TRUE | J73: PRJ-001 | K73: Dem System | L73: Team Beta | M73: T02 | N73: M09 | O73: Dem\DemBiz\SP_88 | P73: Sprint 25 | Q73: S25 | R73: Backend;High | T73: کامنت 2 مورد | U73: Fateme Akbari | V73: U511 | W73: Reza Mohammadi | X73: U493 | Y73: Reza Mohammadi | Z73: U493 | AA73: Hassan Karimi | AB73: U829 | AC73: 2024-03-18 | AD73: 2024-03-18 19:00:00 | AE73: 2024-03-19 02:00:00 | AF73: 2024-03-21 11:00:00 | AG73: 2024-03-21 11:00:00 | AH73: 2024-03-25 23:00:00 | AI73: 2024-03-27 16:00:00 | AJ73: 2024-03-28 13:00:00 | AK73: 2024-03-28 19:00:00 | AL73: 2024-03-30 01:00:00 | AM73: 2024-03-30 01:00:00 | AN73: 2024-04-22 | AO73: 3 | AP73: 2024-04-03 01:00:00 | AQ73: 2024-04-07 01:00:00 | AR73: Done | AS73: 8 | AT73: 7 | AU73: 57 | AV73: 108 | AW73: 41 | AX73: [{"state": "Open", "timestamp": "2024-03-18T00:00:00"}, {"state": "Triage", "timestamp": "2024-03-18T19:00:00"}] | AY73: 4 | AZ73: 8 | BA73: 4 | BB73: 6.0986855 | BC73: 7.7584785 | BD73: 6.9089586 | BE73: 13.1583 | BF73: 8.3063294 | BG73: 42.230752 | BH73: 54.013814 | BI73: 289 | BJ73: 206 | BK73: 26 | BL73: 105 | BM73: 108 | BN73: 647.77079 | BO73: Testing | BP73: Fixed | BQ73: Completed | BR73: TC-8433 | BS73: FALSE | BU73: 1 | BV73: 1
A74: 190843 | B74: عقد رفاهی-کارت اعتباری>فیلد "نرخ سود" اجباری نیست ولی در صفحه درخواست با کلیک روی دکمه "اتمام ثبت عقود درخواست و بازگشت به پیشنهاد">به ارور اجباری بودنش میخوریم | C74: تکمیل توضیحات: عقد رفاهی-کارت اعتباری>فیلد "نرخ سود" اجباری نیست ... | D74: Critical | E74: P2 | F74: Closed | G74: Backend | H74: TRUE | I74: FALSE | J74: PRJ-001 | K74: Dem System | L74: Team Alpha | M74: T01 | N74: M09 | O74: Dem\DemBiz\SP_88 | P74: Sprint 23 | Q74: S23 | R74: Backend;Critical | T74: کامنت 3 مورد | U74: Reza Mohammadi | V74: U493 | W74: Mina Hosseini | X74: U860 | Y74: Zahra Ebrahimi | Z74: U002 | AA74: Ali Rezaei | AB74: U374 | AC74: 2024-05-01 | AD74: 2024-05-03 00:00:00 | AE74: 2024-05-03 06:00:00 | AF74: 2024-05-03 18:00:00 | AG74: 2024-05-03 18:00:00 | AH74: 2024-05-05 14:00:00 | AI74: 2024-05-07 02:00:00 | AJ74: 2024-05-08 01:00:00 | AK74: 2024-05-08 07:00:00 | AL74: 2024-05-08 13:00:00 | AM74: 2024-05-08 13:00:00 | AN74: 2024-06-29 | AO74: 1 | AP74: 2024-05-13 13:00:00 | AQ74: 2024-05-13 13:00:00 | AR74: Done | AS74: 7 | AT74: 6 | AU74: 12 | AV74: 44 | AW74: 36 | AX74: [{"state": "Open", "timestamp": "2024-05-01T00:00:00"}, {"state": "Triage", "timestamp": "2024-05-03T00:00:00"}] | AY74: 4 | AZ74: 7 | BA74: 2 | BB74: 5.3722467 | BC74: 7.1010447 | BD74: 13.61411 | BE74: 15.809142 | BF74: 8.0620128 | BG74: 49.958556 | BH74: 38.696815 | BI74: 181 | BJ74: 115 | BK74: 54 | BL74: 54 | BM74: 44 | BN74: 603.77079 | BO74: Data | BP74: By Design | BQ74: Completed | BR74: TC-5315 | BS74: FALSE | BU74: 1 | BV74: 2
A75: 191645 | B75: در فرم ثبت اطلاعات شرکا، فیلد کد ملی اجباری نیست و منجر به عدم اضافه شدن شخص به لیست می‌شود | C75: تکمیل توضیحات: در فرم ثبت اطلاعات شرکا، فیلد کد ملی اجباری نیست و... | D75: Low | E75: P1 | F75: Closed | G75: Performance | H75: FALSE | I75: FALSE | J75: PRJ-001 | K75: Dem System | L75: Team Alpha | M75: T01 | N75: M09 | O75: Dem\DemBiz\SP_88 | P75: Sprint 24 | Q75: S24 | R75: Performance;Low | T75: کامنت 4 مورد | U75: Hassan Karimi | V75: U829 | W75: Sara Ahmadi | X75: U091 | Y75: Sara Ahmadi | Z75: U091 | AA75: Hassan Karimi | AB75: U829 | AC75: 2024-02-27 | AD75: 2024-02-27 13:00:00 | AE75: 2024-02-27 18:00:00 | AF75: 2024-02-27 23:00:00 | AG75: 2024-02-27 23:00:00 | AH75: 2024-02-28 12:00:00 | AI75: 2024-02-29 07:00:00 | AJ75: 2024-03-01 00:00:00 | AK75: 2024-03-01 02:00:00 | AL75: 2024-03-02 08:00:00 | AM75: 2024-03-02 08:00:00 | AN75: 2024-03-31 | AO75: 1 | AP75: 2024-03-09 08:00:00 | AQ75: 2024-03-09 08:00:00 | AR75: Done | AS75: 8 | AT75: 5 | AU75: 5 | AV75: 13 | AW75: 19 | AX75: [{"state": "Open", "timestamp": "2024-02-27T00:00:00"}, {"state": "Triage", "timestamp": "2024-02-27T13:00:00"}] | AY75: 1 | AZ75: 10 | BA75: 2 | BB75: 6.8691756 | BC75: 10.759473 | BD75: 15.171303 | BE75: 3.2562534 | BF75: 7.4825969 | BG75: 43.538802 | BH75: 49.569818 | BI75: 104 | BJ75: 81 | BK75: 18 | BL75: 29 | BM75: 13 | BN75: 667.77079 | BO75: Data | BP75: Fixed | BQ75: Cannot Reproduce | BS75: FALSE | BU75: 1 | BV75: 2
A76: 155286 | B76: ویرایش اطلاعات مشتری / لینک مجوزات پس از ثبت مجوز، دیتا پاک میشود | C76: تکمیل توضیحات: ویرایش اطلاعات مشتری / لینک مجوزات پس از ثبت مجوز،... | D76: Medium | E76: P2 | F76: Resolved | G76: Backend | H76: FALSE | I76: FALSE | J76: PRJ-001 | K76: Dem System | L76: Team Alpha | M76: T01 | N76: M09 | O76: Dem\DemBiz\SP_88 | P76: Sprint 25 | Q76: S25 | R76: Backend;Medium | T76: کامنت 3 مورد | U76: Zahra Ebrahimi | V76: U002 | W76: Hassan Karimi | X76: U829 | Y76: Mohammad Safari | Z76: U093 | AA76: Hassan Karimi | AB76: U829 | AC76: 2024-05-06 | AD76: 2024-05-07 02:00:00 | AE76: 2024-05-07 10:00:00 | AF76: 2024-05-08 06:00:00 | AG76: 2024-05-08 06:00:00 | AH76: 2024-05-12 01:00:00 | AI76: 2024-05-14 01:00:00 | AM76: 2024-05-14 01:00:00 | AN76: 2024-05-13 | AO76: 0 | AR76: Ready for Retest | AS76: 5 | AT76: 8 | AU76: 20 | AV76: 91 | AW76: 48 | AX76: [{"state": "Open", "timestamp": "2024-05-06T00:00:00"}, {"state": "Triage", "timestamp": "2024-05-07T02:00:00"}] | AY76: 4 | AZ76: 7 | BA76: 1 | BB76: 5.4320967 | BC76: 22.41984 | BD76: 15.935791 | BE76: 9.9119607 | BF76: 0 | BG76: 53.699689 | BH76: 67.822936 | BK76: 34 | BL76: 76 | BM76: 91 | BN76: 598.77079 | BO76: Testing | BP76: Fixed | BS76: FALSE | BU76: 0 | BV76: 2
A77: 188774 | B77: فرم ثبت درخواست و دریافت اطلاعات از سامانه متمرکز / باگ وب سرویس | C77: تکمیل توضیحات: فرم ثبت درخواست و دریافت اطلاعات از سامانه متمرکز ... | D77: Medium | E77: P1 | F77: Resolved | G77: UI | H77: FALSE | I77: FALSE | J77: PRJ-001 | K77: Dem System | L77: Team Delta | M77: T04 | N77: M09 | O77: Dem\DemBiz\SP_88 | P77: Sprint 24 | Q77: S24 | R77: UI;Medium | T77: کامنت 0 مورد | U77: Ali Rezaei | V77: U374 | W77: Fateme Akbari | X77: U511 | Y77: Sara Ahmadi | Z77: U091 | AA77: Zahra Ebrahimi | AB77: U002 | AC77: 2024-01-28 | AD77: 2024-01-29 04:00:00 | AE77: 2024-01-29 12:00:00 | AF77: 2024-01-30 12:00:00 | AG77: 2024-01-30 12:00:00 | AH77: 2024-02-04 02:00:00 | AI77: 2024-02-06 02:00:00 | AM77: 2024-02-06 02:00:00 | AN77: 2024-03-08 | AO77: 0 | AR77: Ready for Retest | AS77: 6 | AT77: 8 | AU77: 24 | AV77: 110 | AW77: 48 | AX77: [{"state": "Open", "timestamp": "2024-01-28T00:00:00"}, {"state": "Triage", "timestamp": "2024-01-29T04:00:00"}] | AY77: 1 | AZ77: 7 | BA77: 1 | BB77: 4.7623145 | BC77: 28.869241 | BD77: 15.897554 | BE77: 6.7133628 | BF77: 0 | BG77: 56.242472 | BH77: 45.485528 | BK77: 36 | BL77: 80 | BM77: 110 | BN77: 697.77079 | BO77: Coding | BP77: By Design | BR77: TC-2743 | BS77: FALSE | BU77: 0 | BV77: 2
A78: 188984 | B78: دکمه امضا در کمیته منطقه ، پیغام علت ارسال به مرجع بالاتر می دهد | C78: تکمیل توضیحات: دکمه امضا در کمیته منطقه ، پیغام علت ارسال به مرجع... | D78: Low | E78: P2 | F78: Closed | G78: Data | H78: FALSE | I78: FALSE | J78: PRJ-001 | K78: Dem System | L78: Team Beta | M78: T02 | N78: M09 | O78: Dem\DemBiz\SP_88 | P78: Sprint 25 | Q78: S25 | R78: Data;Low | T78: کامنت 1 مورد | U78: Mohammad Safari | V78: U093 | W78: Zahra Ebrahimi | X78: U002 | Y78: Reza Mohammadi | Z78: U493 | AA78: Fateme Akbari | AB78: U511 | AC78: 2024-04-28 | AD78: 2024-04-28 04:00:00 | AE78: 2024-04-28 22:00:00 | AF78: 2024-04-30 07:00:00 | AG78: 2024-04-30 07:00:00 | AH78: 2024-05-05 03:00:00 | AI78: 2024-05-05 14:00:00 | AJ78: 2024-05-06 06:00:00 | AK78: 2024-05-06 09:00:00 | AL78: 2024-05-07 15:00:00 | AM78: 2024-05-07 15:00:00 | AN78: 2024-06-16 | AO78: 2 | AP78: 2024-05-15 15:00:00 | AQ78: 2024-05-19 15:00:00 | AR78: Done | AS78: 10 | AT78: 18 | AU78: 33 | AV78: 116 | AW78: 11 | AX78: [{"state": "Open", "timestamp": "2024-04-28T00:00:00"}, {"state": "Triage", "timestamp": "2024-04-28T04:00:00"}] | AY78: 0 | AZ78: 12 | BA78: 3 | BB78: 1.2025608 | BC78: 26.747698 | BD78: 2.278519 | BE78: 15.548716 | BF78: 7.4094421 | BG78: 53.186935 | BH78: 39.352894 | BI78: 231 | BJ78: 176 | BK78: 22 | BL78: 62 | BM78: 116 | BN78: 606.77079 | BO78: Config | BP78: Fixed | BQ78: Completed | BS78: FALSE | BU78: 3 | BV78: 2
A79: 189382 | B79: کمبو مصوبات مرتبط ، رکورد نال نمایش می دهد | C79: تکمیل توضیحات: کمبو مصوبات مرتبط ، رکورد نال نمایش می دهد... | D79: Critical | E79: P2 | F79: Done | G79: Data | H79: FALSE | I79: FALSE | J79: PRJ-001 | K79: Dem System | L79: Team Beta | M79: T02 | N79: M09 | O79: Dem\DemBiz\SP_88 | P79: Sprint 27 | Q79: S27 | R79: Data;Critical | T79: کامنت 1 مورد | U79: Mohammad Safari | V79: U093 | W79: Sara Ahmadi | X79: U091 | Y79: Sara Ahmadi | Z79: U091 | AA79: Fateme Akbari | AB79: U511 | AC79: 2024-05-09 | AD79: 2024-05-10 04:00:00 | AE79: 2024-05-10 22:00:00 | AF79: 2024-05-13 09:00:00 | AG79: 2024-05-13 09:00:00 | AH79: 2024-05-14 13:00:00 | AI79: 2024-05-15 23:00:00 | AJ79: 2024-05-16 15:00:00 | AK79: 2024-05-16 15:00:00 | AM79: 2024-05-16 15:00:00 | AN79: 2024-06-01 | AO79: 0 | AR79: Resolved | AS79: 9 | AT79: 18 | AU79: 59 | AV79: 28 | AW79: 34 | AX79: [{"state": "Open", "timestamp": "2024-05-09T00:00:00"}, {"state": "Triage", "timestamp": "2024-05-10T04:00:00"}] | AY79: 3 | AZ79: 9 | BA79: 1 | BB79: 3.2578685 | BC79: 11.917422 | BD79: 10.141196 | BE79: 13.631784 | BF79: 0 | BG79: 38.94827 | BH79: 44.58301 | BK79: 46 | BL79: 111 | BM79: 28 | BN79: 595.77079 | BO79: Config | BP79: Fixed | BR79: TC-9317 | BS79: FALSE | BU79: 2 | BV79: 1
A80: 190825 | B80: دکمه های دریافت گزارش پیغام خطا می دهد | C80: تکمیل توضیحات: دکمه های دریافت گزارش پیغام خطا می دهد... | D80: Medium | E80: P3 | F80: Closed | G80: Security | H80: FALSE | I80: TRUE | J80: PRJ-001 | K80: Dem System | L80: Team Beta | M80: T02 | N80: M09 | O80: Dem\DemBiz\SP_88 | P80: Sprint 26 | Q80: S26 | R80: Security;Medium | S80: EXT-190825 | T80: کامنت 0 مورد | U80: Mohammad Safari | V80: U093 | W80: Ali Rezaei | X80: U374 | Y80: Reza Mohammadi | Z80: U493 | AA80: Reza Mohammadi | AB80: U493 | AC80: 2024-03-04 | AD80: 2024-03-05 17:00:00 | AE80: 2024-03-06 02:00:00 | AF80: 2024-03-08 22:00:00 | AG80: 2024-03-08 22:00:00 | AH80: 2024-03-11 20:00:00 | AI80: 2024-03-13 16:00:00 | AJ80: 2024-03-14 01:00:00 | AK80: 2024-03-14 06:00:00 | AL80: 2024-03-15 11:00:00 | AM80: 2024-03-15 11:00:00 | AN80: 2024-03-15 | AO80: 2 | AP80: 2024-03-19 11:00:00 | AQ80: 2024-03-21 11:00:00 | AR80: Done | AS80: 9 | AT80: 9 | AU80: 68 | AV80: 70 | AW80: 44 | AX80: [{"state": "Open", "timestamp": "2024-03-04T00:00:00"}, {"state": "Triage", "timestamp": "2024-03-05T17:00:00"}] | AY80: 3 | AZ80: 10 | BA80: 3 | BB80: 2.4890178 | BC80: 38.239746 | BD80: 1.6223958 | BE80: 13.574931 | BF80: 12.365095 | BG80: 68.291186 | BH80: 71.3427 | BI80: 275 | BJ80: 157 | BK80: 50 | BL80: 121 | BM80: 70 | BN80: 661.77079 | BO80: Config | BP80: Fixed | BQ80: Duplicate | BS80: TRUE | BT80: 192159 | BU80: 2 | BV80: 0
A81: 191561 | B81: تغییر مدیران در فرم درج تغییرات شرکت ، گزینه ویرایش ندارد | C81: تکمیل توضیحات: تغییر مدیران در فرم درج تغییرات شرکت ، گزینه ویرای... | D81: High | E81: P1 | F81: Closed | G81: Backend | H81: FALSE | I81: FALSE | J81: PRJ-001 | K81: Dem System | L81: Team Alpha | M81: T01 | N81: M09 | O81: Dem\DemBiz\SP_88 | P81: Sprint 27 | Q81: S27 | R81: Backend;High | S81: EXT-191561 | T81: کامنت 2 مورد | U81: Ali Rezaei | V81: U374 | W81: Ali Rezaei | X81: U374 | Y81: Ali Rezaei | Z81: U374 | AA81: Sara Ahmadi | AB81: U091 | AC81: 2024-03-26 | AD81: 2024-03-26 21:00:00 | AE81: 2024-03-27 15:00:00 | AF81: 2024-03-28 03:00:00 | AG81: 2024-03-28 03:00:00 | AH81: 2024-03-29 04:00:00 | AI81: 2024-03-29 17:00:00 | AJ81: 2024-03-30 02:00:00 | AK81: 2024-03-30 09:00:00 | AL81: 2024-04-01 06:00:00 | AM81: 2024-04-01 06:00:00 | AN81: 2024-04-11 | AO81: 1 | AP81: 2024-04-03 06:00:00 | AQ81: 2024-04-03 06:00:00 | AR81: Done | AS81: 10 | AT81: 18 | AU81: 12 | AV81: 25 | AW81: 13 | AX81: [{"state": "Open", "timestamp": "2024-03-26T00:00:00"}, {"state": "Triage", "timestamp": "2024-03-26T21:00:00"}] | AY81: 3 | AZ81: 10 | BA81: 2 | BB81: 2.3299223 | BC81: 29.77798 | BD81: 11.215813 | BE81: 8.0303974 | BF81: 3.6891364 | BG81: 55.043249 | BH81: 66.332469 | BI81: 150 | BJ81: 99 | BK81: 39 | BL81: 43 | BM81: 25 | BN81: 639.77079 | BO81: Data | BP81: Fixed | BQ81: Completed | BR81: TC-3646 | BS81: FALSE | BU81: 2 | BV81: 0
A82: 191563 | B82: تغییرسرمایه و سهامدار و تغییر نشانه ، گزینه ویرایش ندارد | C82: تکمیل توضیحات: تغییرسرمایه و سهامدار و تغییر نشانه ، گزینه ویرایش... | D82: Low | E82: P2 | F82: Closed | G82: UI | H82: FALSE | I82: FALSE | J82: PRJ-001 | K82: Dem System | L82: Team Beta | M82: T02 | N82: M09 | O82: Dem\DemBiz\SP_88 | P82: Sprint 24 | Q82: S24 | R82: UI;Low | T82: کامنت 0 مورد | U82: Ali Rezaei | V82: U374 | W82: Mohammad Safari | X82: U093 | Y82: Fateme Akbari | Z82: U511 | AA82: Ali Rezaei | AB82: U374 | AC82: 2024-04-16 | AD82: 2024-04-17 03:00:00 | AE82: 2024-04-17 14:00:00 | AF82: 2024-04-20 13:00:00 | AG82: 2024-04-20 13:00:00 | AH82: 2024-04-23 08:00:00 | AI82: 2024-04-24 14:00:00 | AJ82: 2024-04-24 17:00:00 | AK82: 2024-04-24 21:00:00 | AL82: 2024-04-26 00:00:00 | AM82: 2024-04-26 00:00:00 | AN82: 2024-05-17 | AO82: 0 | AR82: Done | AS82: 9 | AT82: 11 | AU82: 71 | AV82: 67 | AW82: 30 | AX82: [{"state": "Open", "timestamp": "2024-04-16T00:00:00"}, {"state": "Triage", "timestamp": "2024-04-17T03:00:00"}] | AY82: 4 | AZ82: 9 | BA82: 1 | BB82: 7.7975792 | BC82: 22.619808 | BD82: 9.1098448 | BE82: 7.2222925 | BF82: 0 | BG82: 46.749525 | BH82: 36.645242 | BI82: 240 | BJ82: 131 | BK82: 38 | BL82: 112 | BM82: 67 | BN82: 618.77079 | BO82: Data | BP82: Fixed | BQ82: Cannot Reproduce | BR82: TC-9689 | BS82: FALSE | BU82: 2 | BV82: 1
A83: 191574 | B83: اعمال نشدن تغییرات بعداز ویرایش ، در گرید درخواست | C83: تکمیل توضیحات: اعمال نشدن تغییرات بعداز ویرایش ، در گرید درخواست... | D83: Medium | E83: P1 | F83: In Progress | G83: Security | H83: TRUE | I83: FALSE | J83: PRJ-001 | K83: Dem System | L83: Team Beta | M83: T02 | N83: M09 | O83: Dem\DemBiz\SP_88 | P83: Sprint 26 | Q83: S26 | R83: Security;Medium | S83: EXT-191574 | T83: کامنت 4 مورد | U83: Ali Rezaei | V83: U374 | W83: Fateme Akbari | X83: U511 | AC83: 2024-05-27 | AD83: 2024-05-28 01:00:00 | AE83: 2024-05-28 17:00:00 | AF83: 2024-05-28 19:00:00 | AG83: 2024-05-28 19:00:00 | AM83: 2024-05-28 19:00:00 | AN83: 2024-06-25 | AO83: 0 | AR83: Active | AS83: 6 | AT83: 16 | AU83: 2 | AX83: [{"state": "Open", "timestamp": "2024-05-27T00:00:00"}, {"state": "Triage", "timestamp": "2024-05-28T01:00:00"}] | AY83: 0 | AZ83: 8 | BA83: 1 | BB83: 3.4482329 | BC83: 24.857109 | BD83: 17.810232 | BE83: 5.1011061 | BF83: 0 | BG83: 51.21668 | BH83: 60.290246 | BK83: 41 | BL83: 18 | BM83: 0 | BN83: 577.77079 | BS83: FALSE | BU83: 0 | BV83: 0
A84: 191634 | B84: مرتب سازی تایتل ، کمبو بخش اقتصادی در فرم ویرایش اططلاعات مشتری | C84: تکمیل توضیحات: مرتب سازی تایتل ، کمبو بخش اقتصادی در فرم ویرایش ا... | D84: High | E84: P3 | F84: In Progress | G84: Performance | H84: FALSE | I84: FALSE | J84: PRJ-001 | K84: Dem System | L84: Team Alpha | M84: T01 | N84: M09 | O84: Dem\DemBiz\SP_88 | P84: Sprint 25 | Q84: S25 | R84: Performance;High | T84: کامنت 4 مورد | U84: Ali Rezaei | V84: U374 | W84: Mina Hosseini | X84: U860 | AC84: 2024-03-17 | AD84: 2024-03-18 01:00:00 | AE84: 2024-03-18 15:00:00 | AF84: 2024-03-21 13:00:00 | AG84: 2024-03-21 13:00:00 | AM84: 2024-03-21 13:00:00 | AN84: 2024-05-10 | AO84: 0 | AR84: Active | AS84: 3 | AT84: 14 | AU84: 70 | AX84: [{"state": "Open", "timestamp": "2024-03-17T00:00:00"}, {"state": "Triage", "timestamp": "2024-03-18T01:00:00"}] | AY84: 4 | AZ84: 4 | BA84: 1 | BB84: 7.1903492 | BC84: 17.364402 | BD84: 7.3428427 | BE84: 1.8456324 | BF84: 0 | BG84: 33.743227 | BH84: 27.702393 | BK84: 39 | BL84: 84 | BM84: 0 | BN84: 648.77079 | BR84: TC-9005 | BS84: FALSE | BU84: 0 | BV84: 0
A85: 191665 | B85: ادیتبل بودن و اضافی بودن ، کمبو کد اعتباری اول | C85: تکمیل توضیحات: ادیتبل بودن و اضافی بودن ، کمبو کد اعتباری اول... | D85: Critical | E85: P3 | F85: Triage | G85: Security | H85: FALSE | I85: FALSE | J85: PRJ-001 | K85: Dem System | L85: Team Gamma | M85: T03 | N85: M09 | O85: Dem\DemBiz\SP_88 | P85: Sprint 26 | Q85: S26 | R85: Security;Critical | T85: کامنت 1 مورد | U85: Mohammad Safari | V85: U093 | W85: Reza Mohammadi | X85: U493 | AC85: 2024-05-19 | AD85: 2024-05-20 15:00:00 | AM85: 2024-05-20 15:00:00 | AN85: 2024-06-09 | AO85: 0 | AR85: Open | AS85: 4 | AX85: [{"state": "Open", "timestamp": "2024-05-19T00:00:00"}, {"state": "Triage", "timestamp": "2024-05-20T15:00:00"}] | AY85: 4 | AZ85: 6 | BA85: 1 | BB85: 5.2335397 | BC85: 10.661509 | BD85: 2.7828068 | BE85: 13.970836 | BF85: 0 | BG85: 32.648691 | BH85: 26.059975 | BL85: 0 | BM85: 0 | BN85: 585.77079 | BR85: TC-6947 | BS85: FALSE | BU85: 0 | BV85: 0
A86: 191765 | B86: پاک شدن مجموع سهامدار ، بعداز دکمه ذخیره فرم ویرایش مشتری | C86: تکمیل توضیحات: پاک شدن مجموع سهامدار ، بعداز دکمه ذخیره فرم ویرای... | D86: High | E86: P2 | F86: Done | G86: Security | H86: FALSE | I86: FALSE | J86: PRJ-001 | K86: Dem System | L86: Team Alpha | M86: T01 | N86: M09 | O86: Dem\DemBiz\SP_88 | P86: Sprint 23 | Q86: S23 | R86: Security;High | T86: کامنت 4 مورد | U86: Mohammad Safari | V86: U093 | W86: Mina Hosseini | X86: U860 | Y86: Reza Mohammadi | Z86: U493 | AA86: Zahra Ebrahimi | AB86: U002 | AC86: 2024-05-04 | AD86: 2024-05-04 15:00:00 | AE86: 2024-05-05 00:00:00 | AF86: 2024-05-07 09:00:00 | AG86: 2024-05-07 09:00:00 | AH86: 2024-05-10 07:00:00 | AI86: 2024-05-10 12:00:00 | AJ86: 2024-05-11 02:00:00 | AK86: 2024-05-11 02:00:00 | AM86: 2024-05-11 02:00:00 | AN86: 2024-06-01 | AO86: 0 | AR86: Resolved | AS86: 8 | AT86: 9 | AU86: 57 | AV86: 70 | AW86: 5 | AX86: [{"state": "Open", "timestamp": "2024-05-04T00:00:00"}, {"state": "Triage", "timestamp": "2024-05-04T15:00:00"}] | AY86: 0 | AZ86: 10 | BA86: 1 | BB86: 6.4610848 | BC86: 14.882934 | BD86: 3.2883378 | BE86: 13.193515 | BF86: 0 | BG86: 37.825872 | BH86: 30.206209 | BK86: 24 | BL86: 71 | BM86: 70 | BN86: 600.77079 | BO86: Coding | BP86: Won't Fix | BS86: FALSE | BU86: 2 | BV86: 0
A87: 191825 | B87: عدم اعمال و نمایش ،شماره مشتری ویرایش شده ، در پنل خلاصه مشتری | C87: تکمیل توضیحات: عدم اعمال و نمایش ،شماره مشتری ویرایش شده ، در پنل... | D87: High | E87: P2 | F87: Open | G87: Backend | H87: FALSE | I87: FALSE | J87: PRJ-001 | K87: Dem System | L87: Team Beta | M87: T02 | N87: M09 | O87: Dem\DemBiz\SP_88 | P87: Sprint 26 | Q87: S26 | R87: Backend;High | S87: EXT-191825 | T87: کامنت 1 مورد | U87: Sara Ahmadi | V87: U091 | W87: Mina Hosseini | X87: U860 | AC87: 2024-06-20 | AM87: 2024-06-20 00:00:00 | AN87: 2024-08-09 | AO87: 0 | AS87: 2 | AX87: [{"state": "Open", "timestamp": "2024-06-20T00:00:00"}, {"state": "Triage", "timestamp": ""}] | AY87: 0 | AZ87: 3 | BA87: 1 | BB87: 4.2697782 | BC87: 30.555998 | BD87: 15.349457 | BE87: 15.995765 | BF87: 0 | BG87: 66.170999 | BH87: 78.660433 | BL87: 0 | BM87: 0 | BN87: 553.77079 | BS87: FALSE | BU87: 0 | BV87: 0
A88: 191830 | B88: بعداز انتخاب مشتری قدیمی در فرم ثبت گزارش نویسی جدید، دیتا سیو ودرگرید کارتابل کاربر نمایش داده می شود | C88: تکمیل توضیحات: بعداز انتخاب مشتری قدیمی در فرم ثبت گزارش نویسی جد... | D88: Medium | E88: P3 | F88: Resolved | G88: Performance | H88: TRUE | I88: FALSE | J88: PRJ-001 | K88: Dem System | L88: Team Alpha | M88: T01 | N88: M09 | O88: Dem\DemBiz\SP_88 | P88: Sprint 23 | Q88: S23 | R88: Performance;Medium | T88: کامنت 0 مورد | U88: Zahra Ebrahimi | V88: U002 | W88: Mina Hosseini | X88: U860 | Y88: Reza Mohammadi | Z88: U493 | AA88: Reza Mohammadi | AB88: U493 | AC88: 2024-04-13 | AD88: 2024-04-14 23:00:00 | AE88: 2024-04-15 05:00:00 | AF88: 2024-04-17 18:00:00 | AG88: 2024-04-17 18:00:00 | AH88: 2024-04-18 18:00:00 | AI88: 2024-04-20 13:00:00 | AM88: 2024-04-20 13:00:00 | AN88: 2024-05-24 | AO88: 0 | AR88: Ready for Retest | AS88: 6 | AT88: 6 | AU88: 61 | AV88: 24 | AW88: 43 | AX88: [{"state": "Open", "timestamp": "2024-04-13T00:00:00"}, {"state": "Triage", "timestamp": "2024-04-14T23:00:00"}] | AY88: 0 | AZ88: 6 | BA88: 1 | BB88: 4.8267791 | BC88: 1.5613461 | BD88: 12.555252 | BE88: 15.949553 | BF88: 0 | BG88: 34.89293 | BH88: 38.351459 | BK88: 53 | BL88: 110 | BM88: 24 | BN88: 621.77079 | BO88: Config | BP88: Fixed | BR88: TC-1949 | BS88: FALSE | BU88: 0 | BV88: 0
A89: 191833 | B89: نباید بتوان یک شناسه ملی را برای دو مشتری ثبت کرد | C89: تکمیل توضیحات: نباید بتوان یک شناسه ملی را برای دو مشتری ثبت کرد... | D89: Medium | E89: P2 | F89: Resolved | G89: Security | H89: FALSE | I89: FALSE | J89: PRJ-001 | K89: Dem System | L89: Team Gamma | M89: T03 | N89: M09 | O89: Dem\DemBiz\SP_88 | P89: Sprint 26 | Q89: S26 | R89: Security;Medium | T89: کامنت 0 مورد | U89: Hassan Karimi | V89: U829 | W89: Fateme Akbari | X89: U511 | Y89: Mina Hosseini | Z89: U860 | AA89: Mohammad Safari | AB89: U093 | AC89: 2024-01-07 | AD89: 2024-01-08 02:00:00 | AE89: 2024-01-08 21:00:00 | AF89: 2024-01-09 02:00:00 | AG89: 2024-01-09 02:00:00 | AH89: 2024-01-09 20:00:00 | AI89: 2024-01-11 17:00:00 | AM89: 2024-01-11 17:00:00 | AN89: 2024-02-10 | AO89: 0 | AR89: Ready for Retest | AS89: 5 | AT89: 19 | AU89: 5 | AV89: 18 | AW89: 45 | AX89: [{"state": "Open", "timestamp": "2024-01-07T00:00:00"}, {"state": "Triage", "timestamp": "2024-01-08T02:00:00"}] | AY89: 0 | AZ89: 5 | BA89: 1 | BB89: 4.1938827 | BC89: 5.526833 | BD89: 2.4718922 | BE89: 9.3314756 | BF89: 0 | BG89: 21.524083 | BH89: 21.821961 | BK89: 45 | BL89: 69 | BM89: 18 | BN89: 718.77079 | BO89: Config | BP89: Fixed | BR89: TC-2290 | BS89: FALSE | BU89: 0 | BV89: 2
A90: 191837 | B90: ثبت شماره مشتری تکراری در فرم ویرایش ،بعداز کلیک بر دکمه انصراف و ذخیره | C90: تکمیل توضیحات: ثبت شماره مشتری تکراری در فرم ویرایش ،بعداز کلیک ب... | D90: Low | E90: P2 | F90: In Progress | G90: UI | H90: TRUE | I90: TRUE | J90: PRJ-001 | K90: Dem System | L90: Team Alpha | M90: T01 | N90: M09 | O90: Dem\DemBiz\SP_88 | P90: Sprint 23 | Q90: S23 | R90: UI;Low | S90: EXT-191837 | T90: کامنت 5 مورد | U90: Fateme Akbari | V90: U511 | W90: Mina Hosseini | X90: U860 | AC90: 2024-02-04 | AD90: 2024-02-05 06:00:00 | AE90: 2024-02-05 12:00:00 | AF90: 2024-02-05 20:00:00 | AG90: 2024-02-05 20:00:00 | AM90: 2024-02-05 20:00:00 | AN90: 2024-02-27 | AO90: 0 | AR90: Active | AS90: 6 | AT90: 6 | AU90: 8 | AX90: [{"state": "Open", "timestamp": "2024-02-04T00:00:00"}, {"state": "Triage", "timestamp": "2024-02-05T06:00:00"}] | AY90: 3 | AZ90: 7 | BA90: 1 | BB90: 1.9643224 | BC90: 2.794103 | BD90: 2.1400827 | BE90: 12.534811 | BF90: 0 | BG90: 19.433319 | BH90: 17.787284 | BK90: 36 | BL90: 14 | BM90: 0 | BN90: 690.77079 | BR90: TC-8962 | BS90: FALSE | BU90: 0 | BV90: 0
A91: 191880 | B91: دکمه تایید و ادامه در فرم نمایش اطلاعات مشتری ، پیغام خطا می دهد | C91: تکمیل توضیحات: دکمه تایید و ادامه در فرم نمایش اطلاعات مشتری ، پی... | D91: Medium | E91: P1 | F91: Done | G91: UI | H91: FALSE | I91: TRUE | J91: PRJ-001 | K91: Dem System | L91: Team Beta | M91: T02 | N91: M09 | O91: Dem\DemBiz\SP_88 | P91: Sprint 24 | Q91: S24 | R91: UI;Medium | S91: EXT-191880 | T91: کامنت 5 مورد | U91: Fateme Akbari | V91: U511 | W91: Hassan Karimi | X91: U829 | Y91: Reza Mohammadi | Z91: U493 | AA91: Sara Ahmadi | AB91: U091 | AC91: 2024-04-07 | AD91: 2024-04-07 21:00:00 | AE91: 2024-04-08 04:00:00 | AF91: 2024-04-10 16:00:00 | AG91: 2024-04-10 16:00:00 | AH91: 2024-04-12 17:00:00 | AI91: 2024-04-13 18:00:00 | AJ91: 2024-04-14 08:00:00 | AK91: 2024-04-14 08:00:00 | AM91: 2024-04-14 08:00:00 | AN91: 2024-05-01 | AO91: 0 | AR91: Resolved | AS91: 7 | AT91: 7 | AU91: 60 | AV91: 49 | AW91: 25 | AX91: [{"state": "Open", "timestamp": "2024-04-07T00:00:00"}, {"state": "Triage", "timestamp": "2024-04-07T21:00:00"}] | AY91: 2 | AZ91: 7 | BA91: 1 | BB91: 5.9183909 | BC91: 2.5884233 | BD91: 14.168898 | BE91: 15.171486 | BF91: 0 | BG91: 37.847198 | BH91: 46.412788 | BK91: 28 | BL91: 92 | BM91: 49 | BN91: 627.77079 | BO91: Testing | BP91: Fixed | BS91: FALSE | BU91: 3 | BV91: 2
A92: 191892 | B92: دکمه تایید در فرم ثبت گزارش نویسی ، پیغام شماره مشتری ، خود مشتری انتخابی را می دهد | C92: تکمیل توضیحات: دکمه تایید در فرم ثبت گزارش نویسی ، پیغام شماره مش... | D92: High | E92: P1 | F92: Open | G92: Data | H92: TRUE | I92: FALSE | J92: PRJ-001 | K92: Dem System | L92: Team Gamma | M92: T03 | N92: M09 | O92: Dem\DemBiz\SP_88 | P92: Sprint 27 | Q92: S27 | R92: Data;High | S92: EXT-191892 | T92: کامنت 0 مورد | U92: Reza Mohammadi | V92: U493 | W92: Fateme Akbari | X92: U511 | AC92: 2024-04-17 | AM92: 2024-04-17 00:00:00 | AN92: 2024-05-10 | AO92: 0 | AS92: 3 | AX92: [{"state": "Open", "timestamp": "2024-04-17T00:00:00"}, {"state": "Triage", "timestamp": ""}] | AY92: 2 | AZ92: 4 | BA92: 1 | BB92: 2.6057927 | BC92: 34.362963 | BD92: 1.9188786 | BE92: 13.744711 | BF92: 0 | BG92: 52.632345 | BH92: 49.235825 | BL92: 0 | BM92: 0 | BN92: 617.77079 | BS92: FALSE | BU92: 0 | BV92: 0
A93: 191984 | B93: فیلد نوع مالکیت در فرم ثبت شخص حقوقی اجباری شود | C93: تکمیل توضیحات: فیلد نوع مالکیت در فرم ثبت شخص حقوقی اجباری شود... | D93: Medium | E93: P3 | F93: Open | G93: Performance | H93: TRUE | I93: FALSE | J93: PRJ-001 | K93: Dem System | L93: Team Delta | M93: T04 | N93: M09 | O93: Dem\DemBiz\SP_88 | P93: Sprint 25 | Q93: S25 | R93: Performance;Medium | T93: کامنت 1 مورد | U93: Mohammad Safari | V93: U093 | W93: Hassan Karimi | X93: U829 | AC93: 2024-01-21 | AM93: 2024-01-21 00:00:00 | AN93: 2024-02-27 | AO93: 0 | AS93: 3 | AX93: [{"state": "Open", "timestamp": "2024-01-21T00:00:00"}, {"state": "Triage", "timestamp": ""}] | AY93: 0 | AZ93: 4 | BA93: 1 | BB93: 0.68236975 | BC93: 28.442657 | BD93: 16.526271 | BE93: 4.7102215 | BF93: 0 | BG93: 50.361519 | BH93: 59.928176 | BL93: 0 | BM93: 0 | BN93: 704.77079 | BR93: TC-3060 | BS93: FALSE | BU93: 0 | BV93: 0
A94: 191994 | B94: سندازفرم ورود اطلاعات دریافتی پیشنهاد شعبه به تکمیل ،باتایم طولانی وپیغام خطانکست می شود | C94: تکمیل توضیحات: سندازفرم ورود اطلاعات دریافتی پیشنهاد شعبه به تکمی... | D94: Low | E94: P3 | F94: Closed | G94: Performance | H94: TRUE | I94: FALSE | J94: PRJ-001 | K94: Dem System | L94: Team Beta | M94: T02 | N94: M09 | O94: Dem\DemBiz\SP_88 | P94: Sprint 26 | Q94: S26 | R94: Performance;Low | T94: کامنت 0 مورد | U94: Reza Mohammadi | V94: U493 | W94: Fateme Akbari | X94: U511 | Y94: Reza Mohammadi | Z94: U493 | AA94: Sara Ahmadi | AB94: U091 | AC94: 2024-01-05 | AD94: 2024-01-07 00:00:00 | AE94: 2024-01-07 18:00:00 | AF94: 2024-01-08 02:00:00 | AG94: 2024-01-08 02:00:00 | AH94: 2024-01-10 06:00:00 | AI94: 2024-01-11 00:00:00 | AJ94: 2024-01-11 22:00:00 | AK94: 2024-01-12 00:00:00 | AL94: 2024-01-13 18:00:00 | AM94: 2024-01-13 18:00:00 | AN94: 2024-01-14 | AO94: 0 | AR94: Done | AS94: 8 | AT94: 18 | AU94: 8 | AV94: 52 | AW94: 18 | AX94: [{"state": "Open", "timestamp": "2024-01-05T00:00:00"}, {"state": "Triage", "timestamp": "2024-01-07T00:00:00"}] | AY94: 2 | AZ94: 10 | BA94: 1 | BB94: 5.3410422 | BC94: 19.492779 | BD94: 14.271723 | BE94: 7.758162 | BF94: 0 | BG94: 46.863707 | BH94: 45.152289 | BI94: 210 | BJ94: 136 | BK94: 66 | BL94: 44 | BM94: 52 | BN94: 720.77079 | BO94: Data | BP94: Fixed | BQ94: Obsolete | BR94: TC-8787 | BS94: FALSE | BU94: 1 | BV94: 2
A95: 192010 | B95: نمایش اشتباه پیغام شماره پیشنهاد شعبه در اتوماسیون قبلی ثبت شده است | C95: تکمیل توضیحات: نمایش اشتباه پیغام شماره پیشنهاد شعبه در اتوماسیون... | D95: Medium | E95: P2 | F95: In Progress | G95: Data | H95: FALSE | I95: FALSE | J95: PRJ-001 | K95: Dem System | L95: Team Gamma | M95: T03 | N95: M09 | O95: Dem\DemBiz\SP_88 | P95: Sprint 27 | Q95: S27 | R95: Data;Medium | T95: کامنت 0 مورد | U95: Zahra Ebrahimi | V95: U002 | W95: Mohammad Safari | X95: U093 | AC95: 2024-03-04 | AD95: 2024-03-04 13:00:00 | AE95: 2024-03-04 14:00:00 | AF95: 2024-03-05 11:00:00 | AG95: 2024-03-05 11:00:00 | AM95: 2024-03-05 11:00:00 | AN95: 2024-03-26 | AO95: 0 | AR95: Active | AS95: 4 | AT95: 1 | AU95: 21 | AX95: [{"state": "Open", "timestamp": "2024-03-04T00:00:00"}, {"state": "Triage", "timestamp": "2024-03-04T13:00:00"}] | AY95: 2 | AZ95: 5 | BA95: 1 | BB95: 1.8283301 | BC95: 4.8155323 | BD95: 2.0863012 | BE95: 2.9373912 | BF95: 0 | BG95: 11.667555 | BH95: 10.8061 | BK95: 14 | BL95: 22 | BM95: 0 | BN95: 661.77079 | BS95: FALSE | BU95: 0 | BV95: 0
A96: 192014 | B96: نمایش اشتباه پیغام درخواست مورد نظر را انتخاب کنید | C96: تکمیل توضیحات: نمایش اشتباه پیغام درخواست مورد نظر را انتخاب کنید... | D96: Low | E96: P2 | F96: Triage | G96: Security | H96: FALSE | I96: TRUE | J96: PRJ-001 | K96: Dem System | L96: Team Gamma | M96: T03 | N96: M09 | O96: Dem\DemBiz\SP_88 | P96: Sprint 25 | Q96: S25 | R96: Security;Low | S96: EXT-192014 | T96: کامنت 2 مورد | U96: Zahra Ebrahimi | V96: U002 | W96: Sara Ahmadi | X96: U091 | AC96: 2024-02-02 | AD96: 2024-02-03 07:00:00 | AM96: 2024-02-03 07:00:00 | AN96: 2024-03-22 | AO96: 0 | AR96: Open | AS96: 2 | AX96: [{"state": "Open", "timestamp": "2024-02-02T00:00:00"}, {"state": "Triage", "timestamp": "2024-02-03T07:00:00"}] | AY96: 0 | AZ96: 4 | BA96: 1 | BB96: 7.5534394 | BC96: 20.173019 | BD96: 2.1543354 | BE96: 15.310765 | BF96: 0 | BG96: 45.191559 | BH96: 44.179624 | BL96: 0 | BM96: 0 | BN96: 692.77079 | BR96: TC-9645 | BS96: FALSE | BU96: 0 | BV96: 0
A97: 192019 | B97: شریک جدید بعد از ذخیره به لیست کمبوی نام شخص/شرکت اضافه نمی‌شود | C97: تکمیل توضیحات: شریک جدید بعد از ذخیره به لیست کمبوی نام شخص/شرکت ... | D97: Medium | E97: P2 | F97: Resolved | G97: Performance | H97: FALSE | I97: TRUE | J97: PRJ-001 | K97: Dem System | L97: Team Delta | M97: T04 | N97: M09 | O97: Dem\DemBiz\SP_88 | P97: Sprint 25 | Q97: S25 | R97: Performance;Medium | T97: کامنت 0 مورد | U97: Reza Mohammadi | V97: U493 | W97: Ali Rezaei | X97: U374 | Y97: Zahra Ebrahimi | Z97: U002 | AA97: Zahra Ebrahimi | AB97: U002 | AC97: 2024-01-30 | AD97: 2024-01-31 13:00:00 | AE97: 2024-01-31 20:00:00 | AF97: 2024-02-03 09:00:00 | AG97: 2024-02-03 09:00:00 | AH97: 2024-02-07 10:00:00 | AI97: 2024-02-08 06:00:00 | AM97: 2024-02-08 06:00:00 | AN97: 2024-03-26 | AO97: 0 | AR97: Ready for Retest | AS97: 6 | AT97: 7 | AU97: 61 | AV97: 97 | AW97: 20 | AX97: [{"state": "Open", "timestamp": "2024-01-30T00:00:00"}, {"state": "Triage", "timestamp": "2024-01-31T13:00:00"}] | AY97: 2 | AZ97: 6 | BA97: 1 | BB97: 7.6544643 | BC97: 19.465399 | BD97: 19.739472 | BE97: 10.09262 | BF97: 0 | BG97: 56.951955 | BH97: 50.164804 | BK97: 44 | BL97: 88 | BM97: 97 | BN97: 695.77079 | BO97: Config | BP97: Cannot Reproduce | BS97: FALSE | BU97: 0 | BV97: 0
A98: 192022 | B98: ادیتبل نبودن فیلد نوع صورت مالی، در فرم ثبت صورت مالی | C98: تکمیل توضیحات: ادیتبل نبودن فیلد نوع صورت مالی، در فرم ثبت صورت م... | D98: Medium | E98: P3 | F98: Closed | G98: UI | H98: FALSE | I98: FALSE | J98: PRJ-001 | K98: Dem System | L98: Team Alpha | M98: T01 | N98: M09 | O98: Dem\DemBiz\SP_88 | P98: Sprint 23 | Q98: S23 | R98: UI;Medium | T98: کامنت 4 مورد | U98: Mohammad Safari | V98: U093 | W98: Mina Hosseini | X98: U860 | Y98: Fateme Akbari | Z98: U511 | AA98: Mina Hosseini | AB98: U860 | AC98: 2024-04-04 | AD98: 2024-04-04 11:00:00 | AE98: 2024-04-05 07:00:00 | AF98: 2024-04-05 23:00:00 | AG98: 2024-04-05 23:00:00 | AH98: 2024-04-10 10:00:00 | AI98: 2024-04-11 00:00:00 | AJ98: 2024-04-11 11:00:00 | AK98: 2024-04-11 13:00:00 | AL98: 2024-04-13 03:00:00 | AM98: 2024-04-13 03:00:00 | AN98: 2024-04-12 | AO98: 2 | AP98: 2024-04-23 03:00:00 | AQ98: 2024-04-28 03:00:00 | AR98: Done | AS98: 8 | AT98: 20 | AU98: 16 | AV98: 107 | AW98: 14 | AX98: [{"state": "Open", "timestamp": "2024-04-04T00:00:00"}, {"state": "Triage", "timestamp": "2024-04-04T11:00:00"}] | AY98: 4 | AZ98: 8 | BA98: 3 | BB98: 7.3614829 | BC98: 7.7548729 | BD98: 7.7982805 | BE98: 4.4296421 | BF98: 4.2289601 | BG98: 31.573239 | BH98: 36.263937 | BI98: 219 | BJ98: 172 | BK98: 31 | BL98: 50 | BM98: 107 | BN98: 630.77079 | BO98: Integration | BP98: Fixed | BQ98: Duplicate | BR98: TC-4470 | BS98: TRUE | BT98: 192256 | BU98: 3 | BV98: 2
A99: 192020 | B99: عدم نمایش صورت مالی جدیدثبت شده ، در گزارش کاربرگ برسی | C99: تکمیل توضیحات: عدم نمایش صورت مالی جدیدثبت شده ، در گزارش کاربرگ ... | D99: Medium | E99: P3 | F99: Active | G99: UI | H99: FALSE | I99: FALSE | J99: PRJ-001 | K99: Dem System | L99: Team Alpha | M99: T01 | N99: M09 | O99: Dem\DemBiz\SP_88 | P99: Sprint 24 | Q99: S24 | R99: UI;Medium | T99: کامنت 1 مورد | U99: Reza Mohammadi | V99: U493 | W99: Mohammad Safari | X99: U093 | AC99: 2024-04-06 | AD99: 2024-04-07 02:00:00 | AE99: 2024-04-08 01:00:00 | AM99: 2024-04-08 01:00:00 | AN99: 2024-04-25 | AO99: 0 | AR99: Triage | AS99: 5 | AT99: 23 | AX99: [{"state": "Open", "timestamp": "2024-04-06T00:00:00"}, {"state": "Triage", "timestamp": "2024-04-07T02:00:00"}] | AY99: 1 | AZ99: 5 | BA99: 1 | BB99: 3.2761903 | BC99: 17.920214 | BD99: 7.7275219 | BE99: 11.07551 | BF99: 0 | BG99: 39.999437 | BH99: 40.064725 | BK99: 49 | BL99: 23 | BM99: 0 | BN99: 628.77079 | BS99: FALSE | BU99: 0 | BV99: 0
A100: 192047 | B100: دکمه ذخیره در لینک کپی اطلاعات از سایر پیشنهادات ، پیغام خطا می دهد | C100: تکمیل توضیحات: دکمه ذخیره در لینک کپی اطلاعات از سایر پیشنهادات ،... | D100: Critical | E100: P3 | F100: Done | G100: Backend | H100: FALSE | I100: FALSE | J100: PRJ-001 | K100: Dem System | L100: Team Beta | M100: T02 | N100: M09 | O100: Dem\DemBiz\SP_88 | P100: Sprint 24 | Q100: S24 | R100: Backend;Critical | T100: کامنت 2 مورد | U100: Fateme Akbari | V100: U511 | W100: Sara Ahmadi | X100: U091 | Y100: Ali Rezaei | Z100: U374 | AA100: Ali Rezaei | AB100: U374 | AC100: 2024-01-20 | AD100: 2024-01-21 14:00:00 | AE100: 2024-01-22 13:00:00 | AF100: 2024-01-23 22:00:00 | AG100: 2024-01-23 22:00:00 | AH100: 2024-01-24 19:00:00 | AI100: 2024-01-26 19:00:00 | AJ100: 2024-01-27 06:00:00 | AK100: 2024-01-27 06:00:00 | AM100: 2024-01-27 06:00:00 | AN100: 2024-03-10 | AO100: 0 | AR100: Resolved | AS100: 7 | AT100: 23 | AU100: 33 | AV100: 21 | AW100: 48 | AX100: [{"state": "Open", "timestamp": "2024-01-20T00:00:00"}, {"state": "Triage", "timestamp": "2024-01-21T14:00:00"}] | AY100: 1 | AZ100: 7 | BA100: 1 | BB100: 0.61592462 | BC100: 16.541685 | BD100: 16.349592 | BE100: 10.271924 | BF100: 0 | BG100: 43.779124 | BH100: 36.745028 | BK100: 61 | BL100: 104 | BM100: 21 | BN100: 705.77079 | BO100: Coding | BP100: Fixed | BS100: FALSE | BU100: 3 | BV100: 1
...

Sheet metrics
A1: Code | B1: Metric_Name | C1: Value | D1: Formula_Text | E1: Description
A2: B03 | B2: B03_Revenue_at_Risk | C2: 0 | D2: =SUM('Bugs'[BusinessImpact]) | E2: Auto-generated from MD: Revenue at Risk
A3: B04 | B3: B04_Avg_Revenue_Impact_per_Bug | C3: 0 | D3: =AVERAGE('Bugs'[BusinessImpact]) | E3: Auto-generated from MD: Avg Revenue Impact per Bug
A4: B05 | B4: B05_High_Impact_Bugs | C4: 0 | D4: =CALCULATE(COUNTA(raw_data!A:A)-1, 'Bugs'[BusinessImpact] > 10000) | E4: Auto-generated from MD: High Impact Bugs
A5: B09 | B5: B09_Security_Risk_Level | C5: 0 | D5: =SWITCH(TRUE(), [V23_Security_Bugs] > 10, "High", [V23_Security_Bugs] > 5, "Medium", "Low" ) | E5: Auto-generated from MD: Security Risk Level
A6: B10 | B6: B10_Compliance_Risk_Bugs | C6: 0 | D6: =CALCULATE(COUNTA(raw_data!A:A)-1, 'Bugs'[Category] = "Compliance") | E6: Auto-generated from MD: Compliance Risk Bugs
A7: B11 | B7: B11_Data_Loss_Risk_Bugs | C7: 0 | D7: =CALCULATE(COUNTA(raw_data!A:A)-1, 'Bugs'[Category] = "Data Loss") | E7: Auto-generated from MD: Data Loss Risk Bugs
A8: B12 | B8: B12_Critical_Business_Impact_Bugs | C8: 0 | D8: =CALCULATE( COUNTA(raw_data!A:A)-1, raw_data!D:D = "Critical", 'Bugs'[BusinessImpact] > 0 ) | E8: Auto-generated from MD: Critical Business Impact Bugs
A9: B13 | B9: B13_Cost_of_Poor_Quality | C9: 0 | D9: =[J18_Project_Cost_of_Quality] | E9: Auto-generated from MD: Cost of Poor Quality
A10: B14 | B10: B14_Avg_Impact_by_Severity | C10: 0 | D10: =AVERAGEX( VALUES(raw_data!D:D), CALCULATE(AVERAGE('Bugs'[BusinessImpact])) ) | E10: Auto-generated from MD: Avg Impact by Severity
A11: B15 | B11: B15_Total_Business_Impact | C11: 0 | D11: =SUM('Bugs'[BusinessImpact]) | E11: Auto-generated from MD: Total Business Impact
A12: B16 | B12: B16_Impact_per_Module | C12: 0 | D12: =AVERAGEX( VALUES('Bugs'[ModuleName]), CALCULATE(SUM('Bugs'[BusinessImpact])) ) | E12: Auto-generated from MD: Impact per Module
A13: B17 | B13: B17_High_Severity_Impact | C13: 0 | D13: =CALCULATE( SUM('Bugs'[BusinessImpact]), raw_data!D:D IN {"Critical", "High"} ) | E13: Auto-generated from MD: High Severity Impact
A14: B18 | B14: B18_Production_Bug_Impact | C14: 0 | D14: =CALCULATE( SUM('Bugs'[BusinessImpact]), 'Bugs'[Tags] CONTAINS "Production" ) | E14: Auto-generated from MD: Production Bug Impact
A15: B19 | B15: B19_Escaped_Bug_Impact | C15: 0 | D15: =CALCULATE( SUM('Bugs'[BusinessImpact]), raw_data!I:I = TRUE ) | E15: Auto-generated from MD: Escaped Bug Impact
A16: B20 | B16: B20_Impact_Risk_Score | C16: 0 | D16: =([B15_Total_Business_Impact] * 0.4) + ([B19_Escaped_Bug_Impact] * 0.35) + ([B17_High_Severity_Impact] * 0.25) | E16: Auto-generated from MD: Impact Risk Score
A17: B21 | B17: B21_Avg_Resolution_Cost | C17: 0 | D17: =AVERAGE('Bugs'[TotalEffortHrs]) * 100 | E17: Auto-generated from MD: Avg Resolution Cost
A18: B22 | B18: B22_Security_Bug_Impact | C18: 0 | D18: =CALCULATE( SUM('Bugs'[BusinessImpact]), 'Bugs'[Category] = "Security" ) | E18: Auto-generated from MD: Security Bug Impact
A19: B23 | B19: B23_Performance_Bug_Impact | C19: 0 | D19: =CALCULATE( SUM('Bugs'[BusinessImpact]), 'Bugs'[Category] = "Performance" ) | E19: Auto-generated from MD: Performance Bug Impact
A20: B24 | B20: B24_Compliance_Cost | C20: 0 | D20: =CALCULATE( SUM('Bugs'[TotalEffortHrs]), 'Bugs'[Category] = "Compliance" ) * 100 | E20: Auto-generated from MD: Compliance Cost
A21: B25 | B21: B25_Revenue_Impact_by_Priority | C21: 0 | D21: =CALCULATE( SUM('Bugs'[BusinessImpact]), ALLEXCEPT('Bugs', raw_data!E:E) ) | E21: Auto-generated from MD: Revenue Impact by Priority
A22: C01 | B22: C01_Customer_Reported_Bugs | C22: 0 | D22: =[V22_Customer_Reported_Bugs] | E22: Auto-generated from MD: Customer Reported Bugs
A23: C02 | B23: C02_Customer_Bug_Rate | C23: 0 | D23: =DIVIDE([C01_Customer_Reported_Bugs], [V01_Total_Bugs], 0) | E23: Auto-generated from MD: Customer Bug Rate
A24: C03 | B24: C03_Avg_Customer_Response_Time | C24: 0 | D24: =AVERAGEX( FILTER('Bugs', raw_data!I:I = TRUE), 'Bugs'[ResponseTimeHrs] ) | E24: Auto-generated from MD: Avg Customer Response Time
A25: C04 | B25: C04_Avg_Customer_Resolution_Time | C25: 0 | D25: =AVERAGEX( FILTER('Bugs', raw_data!I:I = TRUE), 'Bugs'[LeadTimeHrs] ) | E25: Auto-generated from MD: Avg Customer Resolution Time
A26: C05 | B26: C05_Customer_Critical_Bugs | C26: 0 | D26: =CALCULATE( COUNTA(raw_data!A:A)-1, raw_data!I:I = TRUE, raw_data!D:D = "Critical" ) | E26: Auto-generated from MD: Customer Critical Bugs
A27: C06 | B27: C06_Customer_High_Bugs | C27: 0 | D27: =CALCULATE( COUNTA(raw_data!A:A)-1, raw_data!I:I = TRUE, raw_data!D:D = "High" ) | E27: Auto-generated from MD: Customer High Bugs
A28: C07 | B28: C07_Customer_Satisfaction_Index | C28: 0 | D28: =1 - ([C02_Customer_Bug_Rate] * 0.4 + [Q01_Escape_Rate] * 0.6) | E28: Auto-generated from MD: Customer Satisfaction Index
A29: C08 | B29: C08_Customer_Impact_Score | C29: 0 | D29: =([C05_Customer_Critical_Bugs] * 10) + ([C06_Customer_High_Bugs] * 5) + ([C01_Customer_Reported_Bugs] * 1) | E29: Auto-generated from MD: Customer Impact Score
A30: C09 | B30: C09_SLA_Compliance_Rate | C30: 0 | D30: =Complex formula (see DAX reference) | E30: Auto-generated from MD: SLA Compliance Rate
A31: C10 | B31: C10_Customer_Reopen_Rate | C31: 0 | D31: =DIVIDE( CALCULATE(COUNTA(raw_data!A:A)-1, raw_data!AM:AM > 0, raw_data!I:I = TRUE), [C01_Customer_Reported_Bugs], 0 ) | E31: Auto-generated from MD: Customer Reopen Rate
A32: C11 | B32: C11_Avg_Customer_Effort | C32: 0 | D32: =AVERAGEX( FILTER('Bugs', raw_data!I:I = TRUE), 'Bugs'[TotalEffortHrs] ) | E32: Auto-generated from MD: Avg Customer Effort
A33: C12 | B33: C12_Customer_Escalation_Rate | C33: 0 | D33: =DIVIDE( CALCULATE(COUNTA(raw_data!A:A)-1, raw_data!E:E = "P0", raw_data!I:I = TRUE), [C01_Customer_Reported_Bugs], 0 ) | E33: Auto-generated from MD: Customer Escalation Rate
A34: C14 | B34: C14_Customer_Experience_Score | C34: 0 | D34: =([C07_Customer_Satisfaction_Index] * 0.4) + ((1 - [C10_Customer_Reopen_Rate]) * 0.3) + ([C09_SLA_Compliance_Rate] * 0.3) | E34: Auto-generated from MD: Customer Experience Score
A35: C16 | B35: C16_Escaped_Bug_Fix_Rate | C35: 0 | D35: =DIVIDE( CALCULATE(COUNTA(raw_data!A:A)-1, raw_data!F:F IN {"Resolved", "Done", "Closed"}, raw_data!I:I = TRUE), [C01_Customer_Reported_Bugs], 0 ) | E35: Auto-generated from MD: Escaped Bug Fix Rate
A36: C17 | B36: C17_Customer_Waiting_Bugs | C36: 0 | D36: =CALCULATE( COUNTA(raw_data!A:A)-1, raw_data!F:F NOT IN {"Resolved", "Done", "Closed"}, raw_data!I:I = TRUE ) | E36: Auto-generated from MD: Customer Waiting Bugs
A37: C18 | B37: C18_Avg_Customer_Wait_Time | C37: 0 | D37: =AVERAGEX( FILTER('Bugs', raw_data!I:I = TRUE), 'Bugs'[WaitTimeHrs] ) | E37: Auto-generated from MD: Avg Customer Wait Time
A38: C19 | B38: C19_Customer_Bug_Trend | C38: 0 | D38: =Complex formula (see DAX reference) | E38: Auto-generated from MD: Customer Bug Trend
A39: C20 | B39: C20_Customer_Priority_Response | C39: 0 | D39: =AVERAGEX( FILTER('Bugs', raw_data!I:I = TRUE && raw_data!E:E = "P0"), 'Bugs'[ResponseTimeHrs] ) | E39: Auto-generated from MD: Customer Priority Response
A40: CR01 | B40: CR01_By_Design_Count | C40: 1 | D40: =COUNTIF(raw_data!BR:BR,"By Design") | E40: Bugs closed as By Design
A41: CR02 | B41: CR02_Cannot_Reproduce_Count | C41: 4 | D41: =COUNTIF(raw_data!BR:BR,"Cannot Reproduce") | E41: Bugs closed as Cannot Reproduce
A42: CR03 | B42: CR03_Completed_Count | C42: 21 | D42: =COUNTIF(raw_data!BR:BR,"Completed") | E42: Bugs closed as Completed
A43: CR04 | B43: CR04_Duplicate_Count | C43: 4 | D43: =COUNTIF(raw_data!BR:BR,"Duplicate") | E43: Bugs closed as Duplicate
A44: CR05 | B44: CR05_Invalid_Count | C44: 0 | D44: =COUNTIF(raw_data!BR:BR,"Invalid") | E44: Bugs closed as Invalid
A45: CR06 | B45: CR06_Obsolete_Count | C45: 1 | D45: =COUNTIF(raw_data!BR:BR,"Obsolete") | E45: Bugs closed as Obsolete
A46: CR07 | B46: CR07_Wont_Fix_Count | C46: 0 | D46: =COUNTIF(raw_data!BR:BR,"Won't Fix") | E46: Bugs closed as Won't Fix
A47: CR08 | B47: CR08_Close_Reason_Distribution | C47: 0 | D47: =DIVIDE( COUNTA(raw_data!A:A)-1, CALCULATE(COUNTA(raw_data!A:A)-1, ALL('Bugs'[CloseReason])), 0 ) | E47: Auto-generated from MD: Close Reason Distribution
A48: CR09 | B48: CR09_Cannot_Reproduce_Rate | C48: 12.903226 | D48: =CR02_Cannot_Reproduce_Count/V09_Closed_Bugs*100 | E48: Cannot Reproduce rate (%)
A49: CR10 | B49: CR10_Duplicate_Detection_Rate | C49: 12.903226 | D49: =CR04_Duplicate_Count/V09_Closed_Bugs*100 | E49: Duplicate detection rate (%)
A50: CR11 | B50: CR11_Invalid_Report_Rate | C50: 0 | D50: =DIVIDE( [CR05_Invalid_Count], [V09_Closed_Bugs], 0 ) | E50: Auto-generated from MD: Invalid Report Rate
A51: CR12 | B51: CR12_Successful_Completion_Rate | C51: 67.741935 | D51: =CR03_Completed_Count/V09_Closed_Bugs*100 | E51: Successful completion rate (%)
A52: CR13 | B52: CR13_By_Design_Rate | C52: 0 | D52: =DIVIDE( [CR01_By_Design_Count], [V09_Closed_Bugs], 0 ) | E52: Auto-generated from MD: By Design Rate
A53: CR14 | B53: CR14_Wont_Fix_Rate | C53: 0 | D53: =DIVIDE( [CR07_Wont_Fix_Count], [V09_Closed_Bugs], 0 ) | E53: Auto-generated from MD: Wont Fix Rate
A54: CR15 | B54: CR15_Actionable_Bugs_Rate | C54: 0 | D54: =DIVIDE( [CR03_Completed_Count], [V09_Closed_Bugs] - [CR04_Duplicate_Count] - [CR05_Invalid_Count], 0 ) | E54: Auto-generated from MD: Actionable Bugs Rate
A55: E01 | B55: E01_Total_Effort | C55: 4680.7081 | D55: =SUM(raw_data!BA:BA) | E55: Total effort (hours)
A56: E02 | B56: E02_Avg_Effort_per_Bug | C56: 46.807081 | D56: =AVERAGE(raw_data!BA:BA) | E56: Average effort per bug (hours)
A57: E03 | B57: E03_Median_Effort_per_Bug | C57: 46.559064 | D57: =MEDIAN(raw_data!BA:BA) | E57: Median effort per bug (hours)
A58: E04 | B58: E04_Total_Dev_Effort | C58: 2063.3553 | D58: =SUM(raw_data!AX:AX) | E58: Total development effort (hours)
A59: E05 | B59: E05_Total_Test_Effort | C59: 943.47705 | D59: =SUM(raw_data!AZ:AZ) | E59: Total test effort (hours)
A60: E06 | B60: E06_Total_Analysis_Effort | C60: 424.26217 | D60: =SUM(raw_data!AW:AW) | E60: Total analysis effort (hours)
A61: E07 | B61: E07_Total_Fix_Effort | C61: 1045.4817 | D61: =SUM(raw_data!AY:AY) | E61: Total fix effort (hours)
A62: E08 | B62: E08_Total_Reopen_Effort | C62: 0 | D62: =SUM('Bugs'[ReopenEffortHrs]) | E62: Auto-generated from MD: Total Reopen Effort
A63: E09 | B63: E09_Avg_Dev_Effort | C63: 20.633553 | D63: =AVERAGE(raw_data!AX:AX) | E63: Average dev effort per bug (hours)
A64: E10 | B64: E10_Avg_Test_Effort | C64: 9.4347705 | D64: =AVERAGE(raw_data!AZ:AZ) | E64: Average test effort per bug (hours)
A65: E11 | B65: E11_Avg_Analysis_Effort | C65: 0 | D65: =AVERAGE('Bugs'[AnalysisEffortHrs]) | E65: Auto-generated from MD: Avg Analysis Effort
A66: E12 | B66: E12_Avg_Fix_Effort | C66: 0 | D66: =AVERAGE('Bugs'[FixEffortHrs]) | E66: Auto-generated from MD: Avg Fix Effort
A67: E13 | B67: E13_Dev_Effort_Pct | C67: 44.082119 | D67: =E04_Total_Dev_Effort/E01_Total_Effort*100 | E67: Development effort percentage
A68: E14 | B68: E14_Test_Effort_Pct | C68: 20.156716 | D68: =E05_Total_Test_Effort/E01_Total_Effort*100 | E68: Test effort percentage
A69: E15 | B69: E15_Analysis_Effort_Pct | C69: 0 | D69: =DIVIDE([E06_Total_Analysis_Effort], [E01_Total_Effort], 0) | E69: Auto-generated from MD: Analysis Effort Pct
A70: E16 | B70: E16_Fix_Effort_Pct | C70: 0 | D70: =DIVIDE([E07_Total_Fix_Effort], [E01_Total_Effort], 0) | E70: Auto-generated from MD: Fix Effort Pct
A71: E17 | B71: E17_Reopen_Effort_Pct | C71: 0 | D71: =DIVIDE([E08_Total_Reopen_Effort], [E01_Total_Effort], 0) | E71: Auto-generated from MD: Reopen Effort Pct
A72: E18 | B72: E18_Critical_Bugs_Effort | C72: 0 | D72: =CALCULATE( SUM('Bugs'[TotalEffortHrs]), raw_data!D:D = "Critical" ) | E72: Auto-generated from MD: Critical Bugs Effort
A73: E19 | B73: E19_High_Bugs_Effort | C73: 0 | D73: =CALCULATE( SUM('Bugs'[TotalEffortHrs]), raw_data!D:D = "High" ) | E73: Auto-generated from MD: High Bugs Effort
A74: E20 | B74: E20_Escaped_Bugs_Effort | C74: 0 | D74: =CALCULATE( SUM('Bugs'[TotalEffortHrs]), raw_data!I:I = TRUE ) | E74: Auto-generated from MD: Escaped Bugs Effort
A75: E21 | B75: E21_Effort_Variance | C75: 0 | D75: =AVERAGEX( 'Bugs', 'Bugs'[TotalEffortHrs] - 'Bugs'[EstimatedEffortHrs] ) | E75: Auto-generated from MD: Effort Variance
A76: E22 | B76: E22_Effort_Variance_Pct | C76: 0 | D76: =DIVIDE( [E21_Effort_Variance], AVERAGE('Bugs'[EstimatedEffortHrs]), 0 ) | E76: Auto-generated from MD: Effort Variance Pct
A77: E23 | B77: E23_Estimate_Accuracy | C77: 0 | D77: =1 - ABS([E22_Effort_Variance_Pct]) | E77: Auto-generated from MD: Estimate Accuracy
A78: E24 | B78: E24_Effort_per_Severity_Critical | C78: 0 | D78: =DIVIDE( [E18_Critical_Bugs_Effort], CALCULATE(COUNTA(raw_data!A:A)-1, raw_data!D:D = "Critical"), 0 ) | E78: Auto-generated from MD: Effort per Severity Critical
A79: E25 | B79: E25_Effort_per_Severity_High | C79: 0 | D79: =DIVIDE( [E19_High_Bugs_Effort], CALCULATE(COUNTA(raw_data!A:A)-1, raw_data!D:D = "High"), 0 ) | E79: Auto-generated from MD: Effort per Severity High
A80: E26 | B80: E26_Wasted_Effort_Reopen | C80: 0 | D80: =[E08_Total_Reopen_Effort] | E80: Auto-generated from MD: Wasted Effort Reopen
A81: J01 | B81: J01_Project_Total_Bugs | C81: 100 | D81: =V01_Total_Bugs | E81: Total bugs in project
A82: J02 | B82: J02_Project_Bug_Density | C82: 0 | D82: =[Q14_Bug_Density] | E82: Auto-generated from MD: Project Bug Density
A83: J03 | B83: J03_Project_Defect_Density | C83: 0 | D83: =[J02_Project_Bug_Density] | E83: Auto-generated from MD: Project Defect Density
A84: J04 | B84: J04_Project_Critical_Bug_Density | C84: 0 | D84: =[Q15_Critical_Bug_Density] | E84: Auto-generated from MD: Project Critical Bug Density
A85: J05 | B85: J05_Project_Escape_Rate | C85: 0 | D85: =Q01_Escape_Rate | E85: Project escape rate
A86: J06 | B86: J06_Project_Reopen_Rate | C86: 0 | D86: =[Q03_Reopen_Rate] | E86: Auto-generated from MD: Project Reopen Rate
A87: J07 | B87: J07_Project_Quality_Index | C87: 0 | D87: =Q13_Quality_Index | E87: Project quality index
A88: J08 | B88: J08_Project_Avg_Lead_Time | C88: 209.41935 | D88: =T01_Avg_Lead_Time | E88: Project average lead time
A89: J09 | B89: J09_Project_Avg_Cycle_Time | C89: 0 | D89: =[T03_Avg_Cycle_Time] | E89: Auto-generated from MD: Project Avg Cycle Time
A90: J10 | B90: J10_Project_Total_Effort | C90: 0 | D90: =[E01_Total_Effort] | E90: Auto-generated from MD: Project Total Effort
A91: J11 | B91: J11_Project_Schedule_Variance | C91: 0 | D91: =AVERAGEX( 'Bugs', DATEDIFF('Bugs'[DueDate], 'Bugs'[ClosedDate], DAY) ) | E91: Auto-generated from MD: Project Schedule Variance
A92: J12 | B92: J12_Project_Cost_Variance | C92: 0 | D92: =[E21_Effort_Variance] | E92: Auto-generated from MD: Project Cost Variance
A93: J13 | B93: J13_Project_On_Time_Delivery_Rate | C93: 0 | D93: =Complex formula (see DAX reference) | E93: Auto-generated from MD: Project On Time Delivery Rate
A94: J14 | B94: J14_Project_Escaped_Bugs | C94: 0 | D94: =[V12_Escaped_Bugs] | E94: Auto-generated from MD: Project Escaped Bugs
A95: J15 | B95: J15_Project_Regression_Bugs | C95: 0 | D95: =[V13_Regression_Bugs] | E95: Auto-generated from MD: Project Regression Bugs
A96: J16 | B96: J16_Project_Health_Score | C96: 0 | D96: =([J07_Project_Quality_Index] * 0.4) + ([J13_Project_On_Time_Delivery_Rate] * 0.3) + ((1 - [J05_Project_Escape_Rate]) * 0.3) | E96: Auto-generated from MD: Project Health Score
A97: J17 | B97: J17_Project_Productivity | C97: 0 | D97: =DIVIDE( [S02_Sprint_Completed_Bugs], [J10_Project_Total_Effort], 0 ) | E97: Auto-generated from MD: Project Productivity
A98: J18 | B98: J18_Project_Cost_of_Quality | C98: 0 | D98: =[E08_Total_Reopen_Effort] + [E20_Escaped_Bugs_Effort] | E98: Auto-generated from MD: Project Cost of Quality
A99: J19 | B99: J19_Project_Rework_Rate | C99: 0 | D99: =DIVIDE([E08_Total_Reopen_Effort], [E01_Total_Effort], 0) | E99: Auto-generated from MD: Project Rework Rate
A100: J20 | B100: J20_Project_First_Time_Quality | C100: 0 | D100: =1 - [J19_Project_Rework_Rate] | E100: Auto-generated from MD: Project First Time Quality
...

Sheet Summary_Top20
A1: TOP 20 CRITICAL BUGS
A2: BugID | B2: Title | C2: Severity
A3: 194977 | B3: چک شوددر کجا nameAndnationalcode در جدول entitytableکجا ست میشود؟ | C3: Medium
A4: 183712 | B4: گزارش کارتابل یوزر ها در 1382 | C4: Low
A5: 186097 | B5: گزارش های کارتابل رییس واحد باگ دارد | C5: Medium
A6: 186218 | B6: گزارش کارتابل یوزر های اداره کل وصول مطالبات باگ دارد | C6: Medium
A7: 187649 | B7: تعداد سند های ، کارتابل یوزر جوان خیلی زیاد است | C7: High
A8: 188959 | B8: کمبو محل مصرف ،در فرم ثبت درخواست ، ایران وسط شهر ها هست | C8: High
A9: 189035 | B9: دکمه ذخیره ویرایش عقد | C9: Critical
A10: 189703 | B10: باگ کاربرگ بررسی | C10: Low
A11: 189796 | B11: کمبو نام مشتری در گزارش نسبت های مالی ، رکورد نال نمایش می هد/گزارش | C11: Medium
A12: 189801 | B12: کمبو نام شخص در گزارش مدیران و سهامداران/شرکا، کورد نال نمایش می دهد/ گزارش | C12: Medium
A13: 189803 | B13: نامرتب بودن ، کمبو واحد کارشناسی / گزارش | C13: Critical
A14: 189805 | B14: عدم نمایش عقد تقسیط - تقسیط ضمانت نامه ، در کمبو نوع عقود/گزارش | C14: Low
... A22: 190229 | B22: خالی بودن کمبو در گزارش درخواست های وارده به اداره کل اعتبارات | C22: High
